{"last_tab":"","logo":{"url":"http:\/\/joinwebs.co.uk\/products\/classify\/wp-content\/uploads\/2014\/10\/logo.png","id":"1200","height":"36","width":"201","thumbnail":"http:\/\/joinwebs.co.uk\/products\/classify\/wp-content\/uploads\/2014\/10\/logo-150x36.png"},"favicon":{"url":"http:\/\/joinwebs.co.uk\/products\/classify\/wp-content\/uploads\/2014\/10\/favicon.ico","id":"1201","height":"","width":"","thumbnail":"http:\/\/joinwebs.co.uk\/products\/classify\/wp-includes\/images\/media\/default.png"},"layout-version":"1","header-version":"2","measure-system":"2","max_range":"1000","ad_expiry":"36500","featured-options-on":"1","post-options-on":"1","hide-fslider":"1","hide-rads":"1","featured_cat":"","free_price_text":"Free","post-options-edit-on":"1","featured-options-cat":"0","author-msg-box-off":"1","homepage-adloc-on":"1","locations":"","regular-free-ads":"1","hide-map":"1","tags_limit":"15","google_id":"UA-53566050-1","footer_copyright":"@ All Copyrights Reseverd 2014 - Design & Development by Joinwebs","map-style":"","home-cat-counter":"8","home-ads-counter":"12","category-block":"1","home-ads-view":"grid","homepage-callout-on":"1","callout_title":"Are you ready for the posting your ads on \"<span>Classify<\/span>\"?","callout_desc":"Vivamus in lectus purus. Quisque rhoncus erat tincidunt, dignissim nunc at, sodales turpis. Donec convallis rhoncus lorem ac ullamcorper. Morbi a mi facilisis, feugiat mi vel, facilisis ipsum.","callout_btn_text":"Post Ads","callout_btn_url":"http:\/\/joinwebs.co.uk\/products\/classify\/new-ad\/","home_ad":{"url":"http:\/\/joinwebs.co.uk\/products\/classify\/wp-content\/uploads\/2014\/07\/w21.png","id":"540","height":"180","width":"930","thumbnail":"http:\/\/joinwebs.co.uk\/products\/classify\/wp-content\/uploads\/2014\/07\/w21-150x150.png"},"home_ad_link":"","home_ad_code_client":"","home_ad_code_slot":"","home_ad_code_width":"","home_ad_code_height":"","post_ad":{"url":"http:\/\/joinwebs.co.uk\/products\/classify\/wp-content\/uploads\/2014\/07\/rwy1.png","id":"541","height":"90","width":"728","thumbnail":"http:\/\/joinwebs.co.uk\/products\/classify\/wp-content\/uploads\/2014\/07\/rwy1-150x90.png"},"post_ad_link":"","post_ad_code_client":"","post_ad_code_slot":"","post_ad_code_width":"","post_ad_code_height":"","login":"http:\/\/joinwebs.co.uk\/products\/classify\/login\/","profile":"http:\/\/joinwebs.co.uk\/products\/classify\/profile\/","edit":"http:\/\/joinwebs.co.uk\/products\/classify\/edit-profile\/","register":"http:\/\/joinwebs.co.uk\/products\/classify\/register\/","reset":"http:\/\/joinwebs.co.uk\/products\/classify\/reset-password\/","new_post":"http:\/\/joinwebs.co.uk\/products\/classify\/classify\/new-ad\/","edit_post":"http:\/\/joinwebs.co.uk\/products\/classify\/classify\/edit-ad\/","all-ads":"http:\/\/joinwebs.co.uk\/products\/classify\/my-ads\/","featured_plans":"http:\/\/joinwebs.co.uk\/products\/classify\/classify\/pricing-plans\/","heading1-font":{"font-family":"Roboto Slab","font-options":"","google":"1","font-weight":"700","font-style":"","subsets":"","text-align":"","font-size":"38.5px","line-height":"40px","color":"#3f3d59"},"heading2-font":{"font-family":"Roboto Slab","font-options":"","google":"1","font-weight":"700","font-style":"","subsets":"","text-align":"","font-size":"31.5px","line-height":"40px","color":"#3f3d59"},"heading3-font":{"font-family":"Roboto Slab","font-options":"","google":"1","font-weight":"700","font-style":"","subsets":"","text-align":"","font-size":"18px","line-height":"40px","color":"#3f3d59"},"heading4-font":{"font-family":"Roboto Slab","font-options":"","google":"1","font-weight":"700","font-style":"","subsets":"","text-align":"","font-size":"18px","line-height":"40px","color":"#3f3d59"},"heading5-font":{"font-family":"Roboto","font-options":"","google":"1","font-weight":"300","font-style":"","subsets":"","text-align":"","font-size":"14px","line-height":"40px","color":"#484848"},"heading6-font":{"font-family":"Roboto","font-options":"","google":"1","font-weight":"300","font-style":"","subsets":"","text-align":"","font-size":"11.9px","line-height":"40px","color":"#484848"},"body-font":{"font-family":"Raleway","font-options":"","google":"1","font-weight":"","font-style":"","subsets":"latin","text-align":"","font-size":"14px","line-height":"24px","color":"#888888"},"color-primary":"#3f3d59","color-main":"#666666","color-main-hover":"#a0ce4e","button-color-main":"#a0ce4e","button-color-main-hover":"#96c149","fooer-color":"#3f3d59","facebook-link":"https:\/\/www.facebook.com\/","twitter-link":"https:\/\/www.facebook.com\/","dribbble-link":"https:\/\/www.facebook.com\/","flickr-link":"","github-link":"","pinterest-link":"","youtube-link":"","google-plus-link":"https:\/\/www.facebook.com\/","linkedin-link":"https:\/\/www.facebook.com\/","tumblr-link":"","vimeo-link":"","consumer_key":"3EKJUhg5e3pq9BWztl86wLOWF","consumer_secret":"Ab2lhww4ncpkpvHY7mDVXDqJYbKXbEhQoUKfPKIyzPFjWstbWi","access_token":"899399426-9cQzwa0kbo1mAJFyVmmJqrdW5HLxe2jepz5Pc6KF","access_token_secret":"va9nGCjYNWc989puEpcI48X5ykTXWUz4P37CgqcUK0eak","trns_post_ad_title":"Post Your Ad","trns_account_title":"My Account","trns_account_sttings_title":"Settings","trns_login_title":"Login","trns_logout_title":"Log out","trns_register_title":"Register","trns_skeywords":"Enter keyword...","trns_location":"Location","trns_category":"Category","trns_premium_ads":"PREMIUM ADVERTISEMENT","trns_categories":"CATEGORIES","trns_others":"Others","trns_classify_ads":"CLASSIFY ADVERTISEMENT","trns_latest_ads":"Latest Ads","trns_popular_ads":"Most Popular Ads","trns_random_ads":"Random Ads","trns_ragular_ads":"Regular Ads","trns_featured_ads":"Featured Ads","trns_featured_ads_left":"Featured Ads Left","trns_account_overview":"ACCOUNT OVERVIEW","trns_related_ads":"RELATED ADs","trns_sub_cat":"SUBCATEGORIES","trns_pricing_plan":"PRICING PLANS","trns_purchase_now":"Purchase Now","trns_contact_details":"CONTACT DETAILS","trns_description":"DESCRIPTION","trns_ads_locations":"AD LOCATIONS","read_more_btn":"Read More","contact-email":"admin@joinwebs.com","contact-email-error":"You entered an invalid email.","contact-name-error":"You forgot to enter your name.","contact-message-error":"You forgot to enter your message.","contact-thankyou-message":"Thank you! We will get back to you as soon as possible.","contact-latitude":"51.512586","contact-longitude":"-0.123974","contact-zoom":"16","paypal_api_environment":"1","paypal_api_username":"shabirvip_api1.gmail.com","paypal_api_password":"1407142065","paypal_api_signature":"ADllCVqnt5yNWyonjAETmociqANXAr1stXOr.JAGhaxko-tEIl-i.M.L","paypal_success":"http:\/\/joinwebs.co.uk\/products\/classify\/profile\/","paypal_fail":"http:\/\/joinwebs.co.uk\/products\/classify\/profile\/","currency_code":"USD","add-detail-page-version":"2","redux-backup":"1"}