<?xml version="1.0" encoding="UTF-8" ?>
<!-- This is a WordPress eXtended RSS file generated by WordPress as an export of your site. -->
<!-- It contains information about your site's posts, pages, comments, categories, and other content. -->
<!-- You may use this file to transfer that content from one site to another. -->
<!-- This file is not intended to serve as a complete backup of your site. -->

<!-- To import this information into a WordPress site follow these steps: -->
<!-- 1. Log in to that site as an administrator. -->
<!-- 2. Go to Tools: Import in the WordPress admin panel. -->
<!-- 3. Install the "WordPress" importer from the list. -->
<!-- 4. Activate & Run Importer. -->
<!-- 5. Upload this file using the form provided on that page. -->
<!-- 6. You will first be asked to map the authors in this export file to users -->
<!--    on the site. For each author, you may choose to map to an -->
<!--    existing user on the site or to create a new user. -->
<!-- 7. WordPress will then import each of the posts, pages, comments, categories, etc. -->
<!--    contained in this file into your site. -->

<!-- generator="WordPress/4.2.2" created="2015-06-08 13:00" -->
<rss version="2.0"
	xmlns:excerpt="http://wordpress.org/export/1.2/excerpt/"
	xmlns:content="http://purl.org/rss/1.0/modules/content/"
	xmlns:wfw="http://wellformedweb.org/CommentAPI/"
	xmlns:dc="http://purl.org/dc/elements/1.1/"
	xmlns:wp="http://wordpress.org/export/1.2/"
>

<channel>
	<title>Classify</title>
	<link>http://www.joinwebs.com/classify</link>
	<description>Premium Classified WordPress theme</description>
	<pubDate>Mon, 08 Jun 2015 13:00:57 +0000</pubDate>
	<language>en-US</language>
	<wp:wxr_version>1.2</wp:wxr_version>
	<wp:base_site_url>http://www.joinwebs.com/classify</wp:base_site_url>
	<wp:base_blog_url>http://www.joinwebs.com/classify</wp:base_blog_url>

	<wp:author><wp:author_id>1</wp:author_id><wp:author_login>shabir</wp:author_login><wp:author_email>support@joinwebs.com</wp:author_email><wp:author_display_name><![CDATA[Classify]]></wp:author_display_name><wp:author_first_name><![CDATA[]]></wp:author_first_name><wp:author_last_name><![CDATA[]]></wp:author_last_name></wp:author>
	<wp:author><wp:author_id>2</wp:author_id><wp:author_login>demo</wp:author_login><wp:author_email>admin@joinwebs.com</wp:author_email><wp:author_display_name><![CDATA[demo user]]></wp:author_display_name><wp:author_first_name><![CDATA[demo]]></wp:author_first_name><wp:author_last_name><![CDATA[user]]></wp:author_last_name></wp:author>


	<generator>http://wordpress.org/?v=4.2.2</generator>

	<item>
		<title>Latest Laptop</title>
		<link>http://www.joinwebs.com/classify/latest-laptop/</link>
		<pubDate>Thu, 19 Feb 2015 14:14:49 +0000</pubDate>
		<dc:creator><![CDATA[shabir]]></dc:creator>
		<guid isPermaLink="false">http://www.joinwebs.com/classify/latest-laptop/</guid>
		<description></description>
		<content:encoded><![CDATA[Lorem Ipsum is simply dummy text of the printing and typesetting industry. Lorem Ipsum has been the industry’s standard dummy text ever since the 1500s, when an unknown printer took a galley of type and scrambled it to make a type specimen book.

Lorem Ipsum is simply dummy text of the printing and typesetting industry. Lorem Ipsum has been the industry’s standard dummy text ever since the 1500s, when an unknown printer took a galley of type and scrambled it to make a type specimen book.

Lorem Ipsum is simply dummy text of the printing and typesetting industry. Lorem Ipsum has been the industry’s standard dummy text ever since the 1500s, when an unknown printer took a galley of type and scrambled it to make a type specimen book.]]></content:encoded>
		<excerpt:encoded><![CDATA[]]></excerpt:encoded>
		<wp:post_id>1701</wp:post_id>
		<wp:post_date>2015-02-19 14:14:49</wp:post_date>
		<wp:post_date_gmt>2015-02-19 14:14:49</wp:post_date_gmt>
		<wp:comment_status>open</wp:comment_status>
		<wp:ping_status>open</wp:ping_status>
		<wp:post_name>latest-laptop</wp:post_name>
		<wp:status>publish</wp:status>
		<wp:post_parent>0</wp:post_parent>
		<wp:menu_order>0</wp:menu_order>
		<wp:post_type>post</wp:post_type>
		<wp:post_password></wp:post_password>
		<wp:is_sticky>0</wp:is_sticky>
		<category domain="post_tag" nicename="computer"><![CDATA[computer]]></category>
		<category domain="category" nicename="computers-laptops"><![CDATA[Computers &amp; Laptops]]></category>
		<category domain="post_tag" nicename="laptop"><![CDATA[laptop]]></category>
		<wp:postmeta>
			<wp:meta_key>_thumbnail_id</wp:meta_key>
			<wp:meta_value><![CDATA[1704]]></wp:meta_value>
		</wp:postmeta>
		<wp:postmeta>
			<wp:meta_key>post_price</wp:meta_key>
			<wp:meta_value><![CDATA[$2500]]></wp:meta_value>
		</wp:postmeta>
		<wp:postmeta>
			<wp:meta_key>post_location</wp:meta_key>
			<wp:meta_value><![CDATA[Putney]]></wp:meta_value>
		</wp:postmeta>
		<wp:postmeta>
			<wp:meta_key>post_latitude</wp:meta_key>
			<wp:meta_value><![CDATA[51.4605741]]></wp:meta_value>
		</wp:postmeta>
		<wp:postmeta>
			<wp:meta_key>post_video</wp:meta_key>
			<wp:meta_value><![CDATA[]]></wp:meta_value>
		</wp:postmeta>
		<wp:postmeta>
			<wp:meta_key>post_address</wp:meta_key>
			<wp:meta_value><![CDATA[Putney, London SW15, UK]]></wp:meta_value>
		</wp:postmeta>
		<wp:postmeta>
			<wp:meta_key>custom_field</wp:meta_key>
			<wp:meta_value><![CDATA[a:3:{i:0;a:2:{i:0;s:5:"Brand";i:1;s:4:"DELL";}i:1;a:2:{i:0;s:5:"Model";i:1;s:5:"M4800";}i:2;a:2:{i:0;s:4:"Year";i:1;s:4:"2014";}}]]></wp:meta_value>
		</wp:postmeta>
		<wp:postmeta>
			<wp:meta_key>post_category_type</wp:meta_key>
			<wp:meta_value><![CDATA[]]></wp:meta_value>
		</wp:postmeta>
		<wp:postmeta>
			<wp:meta_key>plan_time</wp:meta_key>
			<wp:meta_value><![CDATA[]]></wp:meta_value>
		</wp:postmeta>
		<wp:postmeta>
			<wp:meta_key>plan_price</wp:meta_key>
			<wp:meta_value><![CDATA[]]></wp:meta_value>
		</wp:postmeta>
		<wp:postmeta>
			<wp:meta_key>featured_ads</wp:meta_key>
			<wp:meta_value><![CDATA[]]></wp:meta_value>
		</wp:postmeta>
		<wp:postmeta>
			<wp:meta_key>post_longitude</wp:meta_key>
			<wp:meta_value><![CDATA[-0.21718009999995047]]></wp:meta_value>
		</wp:postmeta>
		<wp:postmeta>
			<wp:meta_key>ratings_average</wp:meta_key>
			<wp:meta_value><![CDATA[5]]></wp:meta_value>
		</wp:postmeta>
		<wp:postmeta>
			<wp:meta_key>ratings_score</wp:meta_key>
			<wp:meta_value><![CDATA[5]]></wp:meta_value>
		</wp:postmeta>
		<wp:postmeta>
			<wp:meta_key>ratings_users</wp:meta_key>
			<wp:meta_value><![CDATA[1]]></wp:meta_value>
		</wp:postmeta>
		<wp:postmeta>
			<wp:meta_key>wpb_post_views_count</wp:meta_key>
			<wp:meta_value><![CDATA[59]]></wp:meta_value>
		</wp:postmeta>
		<wp:postmeta>
			<wp:meta_key>post_price_plan_id</wp:meta_key>
			<wp:meta_value><![CDATA[1]]></wp:meta_value>
		</wp:postmeta>
		<wp:postmeta>
			<wp:meta_key>post_price_plan_activation_date</wp:meta_key>
			<wp:meta_value><![CDATA[02/19/2015 14:14:49]]></wp:meta_value>
		</wp:postmeta>
		<wp:postmeta>
			<wp:meta_key>post_price_plan_expiration_date_normal</wp:meta_key>
			<wp:meta_value><![CDATA[01/01/1970 00:00:00]]></wp:meta_value>
		</wp:postmeta>
		<wp:postmeta>
			<wp:meta_key>post_price_plan_expiration_date</wp:meta_key>
			<wp:meta_value><![CDATA[0]]></wp:meta_value>
		</wp:postmeta>
		<wp:postmeta>
			<wp:meta_key>featured_post</wp:meta_key>
			<wp:meta_value><![CDATA[1]]></wp:meta_value>
		</wp:postmeta>
	</item>
	<item>
		<title>Boat For sale</title>
		<link>http://www.joinwebs.com/classify/boat-for-sale/</link>
		<pubDate>Tue, 03 Mar 2015 06:40:45 +0000</pubDate>
		<dc:creator><![CDATA[shabir]]></dc:creator>
		<guid isPermaLink="false">http://www.joinwebs.com/classify/boat-for-sale/</guid>
		<description></description>
		<content:encoded><![CDATA[Lorem Ipsum is simply dummy text of the printing and typesetting industry. Lorem Ipsum has been the industry’s standard dummy text ever since the 1500s, when an unknown printer took a galley of type and scrambled it to make a type specimen book.

Lorem Ipsum is simply dummy text of the printing and typesetting industry. Lorem Ipsum has been the industry’s standard dummy text ever since the 1500s, when an unknown printer took a galley of type and scrambled it to make a type specimen book.

Lorem Ipsum is simply dummy text of the printing and typesetting industry. Lorem Ipsum has been the industry’s standard dummy text ever since the 1500s, when an unknown printer took a galley of type and scrambled it to make a type specimen book]]></content:encoded>
		<excerpt:encoded><![CDATA[]]></excerpt:encoded>
		<wp:post_id>1707</wp:post_id>
		<wp:post_date>2015-03-03 06:40:45</wp:post_date>
		<wp:post_date_gmt>2015-03-03 06:40:45</wp:post_date_gmt>
		<wp:comment_status>open</wp:comment_status>
		<wp:ping_status>open</wp:ping_status>
		<wp:post_name>boat-for-sale</wp:post_name>
		<wp:status>publish</wp:status>
		<wp:post_parent>0</wp:post_parent>
		<wp:menu_order>0</wp:menu_order>
		<wp:post_type>post</wp:post_type>
		<wp:post_password></wp:post_password>
		<wp:is_sticky>0</wp:is_sticky>
		<category domain="post_tag" nicename="boats"><![CDATA[boats]]></category>
		<category domain="category" nicename="vehicles-classic-fancy"><![CDATA[Classic&amp; Fancy]]></category>
		<wp:postmeta>
			<wp:meta_key>wpb_post_views_count</wp:meta_key>
			<wp:meta_value><![CDATA[41]]></wp:meta_value>
		</wp:postmeta>
		<wp:postmeta>
			<wp:meta_key>ratings_users</wp:meta_key>
			<wp:meta_value><![CDATA[0]]></wp:meta_value>
		</wp:postmeta>
		<wp:postmeta>
			<wp:meta_key>ratings_score</wp:meta_key>
			<wp:meta_value><![CDATA[0]]></wp:meta_value>
		</wp:postmeta>
		<wp:postmeta>
			<wp:meta_key>ratings_average</wp:meta_key>
			<wp:meta_value><![CDATA[0]]></wp:meta_value>
		</wp:postmeta>
		<wp:postmeta>
			<wp:meta_key>post_price</wp:meta_key>
			<wp:meta_value><![CDATA[$2500]]></wp:meta_value>
		</wp:postmeta>
		<wp:postmeta>
			<wp:meta_key>post_location</wp:meta_key>
			<wp:meta_value><![CDATA[Clapham]]></wp:meta_value>
		</wp:postmeta>
		<wp:postmeta>
			<wp:meta_key>post_latitude</wp:meta_key>
			<wp:meta_value><![CDATA[51.46231]]></wp:meta_value>
		</wp:postmeta>
		<wp:postmeta>
			<wp:meta_key>post_longitude</wp:meta_key>
			<wp:meta_value><![CDATA[-0.13856999999995878]]></wp:meta_value>
		</wp:postmeta>
		<wp:postmeta>
			<wp:meta_key>featured_ads</wp:meta_key>
			<wp:meta_value><![CDATA[]]></wp:meta_value>
		</wp:postmeta>
		<wp:postmeta>
			<wp:meta_key>plan_price</wp:meta_key>
			<wp:meta_value><![CDATA[]]></wp:meta_value>
		</wp:postmeta>
		<wp:postmeta>
			<wp:meta_key>plan_time</wp:meta_key>
			<wp:meta_value><![CDATA[]]></wp:meta_value>
		</wp:postmeta>
		<wp:postmeta>
			<wp:meta_key>post_category_type</wp:meta_key>
			<wp:meta_value><![CDATA[]]></wp:meta_value>
		</wp:postmeta>
		<wp:postmeta>
			<wp:meta_key>custom_field</wp:meta_key>
			<wp:meta_value><![CDATA[a:3:{i:0;a:2:{i:0;s:5:"Brand";i:1;s:4:"MAKO";}i:1;a:2:{i:0;s:5:"Model";i:1;s:4:"1990";}i:2;a:2:{i:0;s:5:"Color";i:1;s:3:"Red";}}]]></wp:meta_value>
		</wp:postmeta>
		<wp:postmeta>
			<wp:meta_key>post_address</wp:meta_key>
			<wp:meta_value><![CDATA[Clapham, London SW4, UK]]></wp:meta_value>
		</wp:postmeta>
		<wp:postmeta>
			<wp:meta_key>post_video</wp:meta_key>
			<wp:meta_value><![CDATA[]]></wp:meta_value>
		</wp:postmeta>
		<wp:postmeta>
			<wp:meta_key>_thumbnail_id</wp:meta_key>
			<wp:meta_value><![CDATA[1708]]></wp:meta_value>
		</wp:postmeta>
	</item>
	<item>
		<title>Breakfast is ready</title>
		<link>http://www.joinwebs.com/classify/breakfast-is-ready/</link>
		<pubDate>Tue, 03 Mar 2015 06:46:25 +0000</pubDate>
		<dc:creator><![CDATA[shabir]]></dc:creator>
		<guid isPermaLink="false">http://www.joinwebs.com/classify/breakfast-is-ready/</guid>
		<description></description>
		<content:encoded><![CDATA[Lorem Ipsum is simply dummy text of the printing and typesetting industry. Lorem Ipsum has been the industry’s standard dummy text ever since the 1500s, when an unknown printer took a galley of type and scrambled it to make a type specimen book.

Lorem Ipsum is simply dummy text of the printing and typesetting industry. Lorem Ipsum has been the industry’s standard dummy text ever since the 1500s, when an unknown printer took a galley of type and scrambled it to make a type specimen book.

Lorem Ipsum is simply dummy text of the printing and typesetting industry. Lorem Ipsum has been the industry’s standard dummy text ever since the 1500s, when an unknown printer took a galley of type and scrambled it to make a type specimen book]]></content:encoded>
		<excerpt:encoded><![CDATA[]]></excerpt:encoded>
		<wp:post_id>1709</wp:post_id>
		<wp:post_date>2015-03-03 06:46:25</wp:post_date>
		<wp:post_date_gmt>2015-03-03 06:46:25</wp:post_date_gmt>
		<wp:comment_status>open</wp:comment_status>
		<wp:ping_status>open</wp:ping_status>
		<wp:post_name>breakfast-is-ready</wp:post_name>
		<wp:status>publish</wp:status>
		<wp:post_parent>0</wp:post_parent>
		<wp:menu_order>0</wp:menu_order>
		<wp:post_type>post</wp:post_type>
		<wp:post_password></wp:post_password>
		<wp:is_sticky>0</wp:is_sticky>
		<category domain="post_tag" nicename="food"><![CDATA[food]]></category>
		<category domain="category" nicename="services-food-services"><![CDATA[Food Services]]></category>
		<wp:postmeta>
			<wp:meta_key>_thumbnail_id</wp:meta_key>
			<wp:meta_value><![CDATA[1711]]></wp:meta_value>
		</wp:postmeta>
		<wp:postmeta>
			<wp:meta_key>post_address</wp:meta_key>
			<wp:meta_value><![CDATA[Chelsea, London SW3, UK]]></wp:meta_value>
		</wp:postmeta>
		<wp:postmeta>
			<wp:meta_key>post_video</wp:meta_key>
			<wp:meta_value><![CDATA[]]></wp:meta_value>
		</wp:postmeta>
		<wp:postmeta>
			<wp:meta_key>post_price_plan_id</wp:meta_key>
			<wp:meta_value><![CDATA[1]]></wp:meta_value>
		</wp:postmeta>
		<wp:postmeta>
			<wp:meta_key>post_price_plan_activation_date</wp:meta_key>
			<wp:meta_value><![CDATA[03/03/2015 06:46:25]]></wp:meta_value>
		</wp:postmeta>
		<wp:postmeta>
			<wp:meta_key>post_price_plan_expiration_date_normal</wp:meta_key>
			<wp:meta_value><![CDATA[01/01/1970 00:00:00]]></wp:meta_value>
		</wp:postmeta>
		<wp:postmeta>
			<wp:meta_key>post_price_plan_expiration_date</wp:meta_key>
			<wp:meta_value><![CDATA[0]]></wp:meta_value>
		</wp:postmeta>
		<wp:postmeta>
			<wp:meta_key>featured_post</wp:meta_key>
			<wp:meta_value><![CDATA[1]]></wp:meta_value>
		</wp:postmeta>
		<wp:postmeta>
			<wp:meta_key>wpb_post_views_count</wp:meta_key>
			<wp:meta_value><![CDATA[33]]></wp:meta_value>
		</wp:postmeta>
		<wp:postmeta>
			<wp:meta_key>ratings_users</wp:meta_key>
			<wp:meta_value><![CDATA[0]]></wp:meta_value>
		</wp:postmeta>
		<wp:postmeta>
			<wp:meta_key>ratings_score</wp:meta_key>
			<wp:meta_value><![CDATA[0]]></wp:meta_value>
		</wp:postmeta>
		<wp:postmeta>
			<wp:meta_key>ratings_average</wp:meta_key>
			<wp:meta_value><![CDATA[0]]></wp:meta_value>
		</wp:postmeta>
		<wp:postmeta>
			<wp:meta_key>post_price</wp:meta_key>
			<wp:meta_value><![CDATA[$500]]></wp:meta_value>
		</wp:postmeta>
		<wp:postmeta>
			<wp:meta_key>post_location</wp:meta_key>
			<wp:meta_value><![CDATA[Chelsea]]></wp:meta_value>
		</wp:postmeta>
		<wp:postmeta>
			<wp:meta_key>post_latitude</wp:meta_key>
			<wp:meta_value><![CDATA[51.485093]]></wp:meta_value>
		</wp:postmeta>
		<wp:postmeta>
			<wp:meta_key>post_longitude</wp:meta_key>
			<wp:meta_value><![CDATA[-0.17493600000000242]]></wp:meta_value>
		</wp:postmeta>
		<wp:postmeta>
			<wp:meta_key>featured_ads</wp:meta_key>
			<wp:meta_value><![CDATA[]]></wp:meta_value>
		</wp:postmeta>
		<wp:postmeta>
			<wp:meta_key>plan_price</wp:meta_key>
			<wp:meta_value><![CDATA[]]></wp:meta_value>
		</wp:postmeta>
		<wp:postmeta>
			<wp:meta_key>plan_time</wp:meta_key>
			<wp:meta_value><![CDATA[]]></wp:meta_value>
		</wp:postmeta>
		<wp:postmeta>
			<wp:meta_key>post_category_type</wp:meta_key>
			<wp:meta_value><![CDATA[]]></wp:meta_value>
		</wp:postmeta>
		<wp:postmeta>
			<wp:meta_key>custom_field</wp:meta_key>
			<wp:meta_value><![CDATA[a:2:{i:0;a:2:{i:0;s:4:"Type";i:1;s:13:"Home Delivery";}i:1;a:2:{i:0;s:4:"Time";i:1;s:7:"Morning";}}]]></wp:meta_value>
		</wp:postmeta>
	</item>
	<item>
		<title>Tasty Food Services</title>
		<link>http://www.joinwebs.com/classify/tasty-food-services/</link>
		<pubDate>Tue, 03 Mar 2015 06:54:54 +0000</pubDate>
		<dc:creator><![CDATA[shabir]]></dc:creator>
		<guid isPermaLink="false">http://www.joinwebs.com/classify/testy-food-services/</guid>
		<description></description>
		<content:encoded><![CDATA[Lorem Ipsum is simply dummy text of the printing and typesetting industry. Lorem Ipsum has been the industry’s standard dummy text ever since the 1500s, when an unknown printer took a galley of type and scrambled it to make a type specimen book.

Lorem Ipsum is simply dummy text of the printing and typesetting industry. Lorem Ipsum has been the industry’s standard dummy text ever since the 1500s, when an unknown printer took a galley of type and scrambled it to make a type specimen book.

Lorem Ipsum is simply dummy text of the printing and typesetting industry. Lorem Ipsum has been the industry’s standard dummy text ever since the 1500s, when an unknown printer took a galley of type and scrambled it to make a type specimen book]]></content:encoded>
		<excerpt:encoded><![CDATA[]]></excerpt:encoded>
		<wp:post_id>1712</wp:post_id>
		<wp:post_date>2015-03-03 06:54:54</wp:post_date>
		<wp:post_date_gmt>2015-03-03 06:54:54</wp:post_date_gmt>
		<wp:comment_status>open</wp:comment_status>
		<wp:ping_status>open</wp:ping_status>
		<wp:post_name>tasty-food-services</wp:post_name>
		<wp:status>publish</wp:status>
		<wp:post_parent>0</wp:post_parent>
		<wp:menu_order>0</wp:menu_order>
		<wp:post_type>post</wp:post_type>
		<wp:post_password></wp:post_password>
		<wp:is_sticky>0</wp:is_sticky>
		<category domain="post_tag" nicename="food"><![CDATA[food]]></category>
		<category domain="category" nicename="services-food-services"><![CDATA[Food Services]]></category>
		<wp:postmeta>
			<wp:meta_key>_wp_old_slug</wp:meta_key>
			<wp:meta_value><![CDATA[testy-food-services]]></wp:meta_value>
		</wp:postmeta>
		<wp:postmeta>
			<wp:meta_key>_thumbnail_id</wp:meta_key>
			<wp:meta_value><![CDATA[1715]]></wp:meta_value>
		</wp:postmeta>
		<wp:postmeta>
			<wp:meta_key>featured_post</wp:meta_key>
			<wp:meta_value><![CDATA[1]]></wp:meta_value>
		</wp:postmeta>
		<wp:postmeta>
			<wp:meta_key>wpb_post_views_count</wp:meta_key>
			<wp:meta_value><![CDATA[50]]></wp:meta_value>
		</wp:postmeta>
		<wp:postmeta>
			<wp:meta_key>ratings_users</wp:meta_key>
			<wp:meta_value><![CDATA[0]]></wp:meta_value>
		</wp:postmeta>
		<wp:postmeta>
			<wp:meta_key>ratings_score</wp:meta_key>
			<wp:meta_value><![CDATA[0]]></wp:meta_value>
		</wp:postmeta>
		<wp:postmeta>
			<wp:meta_key>ratings_average</wp:meta_key>
			<wp:meta_value><![CDATA[0]]></wp:meta_value>
		</wp:postmeta>
		<wp:postmeta>
			<wp:meta_key>post_price</wp:meta_key>
			<wp:meta_value><![CDATA[$500]]></wp:meta_value>
		</wp:postmeta>
		<wp:postmeta>
			<wp:meta_key>post_location</wp:meta_key>
			<wp:meta_value><![CDATA[Redhill]]></wp:meta_value>
		</wp:postmeta>
		<wp:postmeta>
			<wp:meta_key>post_latitude</wp:meta_key>
			<wp:meta_value><![CDATA[51.239208]]></wp:meta_value>
		</wp:postmeta>
		<wp:postmeta>
			<wp:meta_key>post_longitude</wp:meta_key>
			<wp:meta_value><![CDATA[-0.16988000000003467]]></wp:meta_value>
		</wp:postmeta>
		<wp:postmeta>
			<wp:meta_key>featured_ads</wp:meta_key>
			<wp:meta_value><![CDATA[]]></wp:meta_value>
		</wp:postmeta>
		<wp:postmeta>
			<wp:meta_key>plan_price</wp:meta_key>
			<wp:meta_value><![CDATA[]]></wp:meta_value>
		</wp:postmeta>
		<wp:postmeta>
			<wp:meta_key>plan_time</wp:meta_key>
			<wp:meta_value><![CDATA[]]></wp:meta_value>
		</wp:postmeta>
		<wp:postmeta>
			<wp:meta_key>post_category_type</wp:meta_key>
			<wp:meta_value><![CDATA[]]></wp:meta_value>
		</wp:postmeta>
		<wp:postmeta>
			<wp:meta_key>custom_field</wp:meta_key>
			<wp:meta_value><![CDATA[a:2:{i:0;a:2:{i:0;s:4:"Type";i:1;s:13:"Home Delivery";}i:1;a:2:{i:0;s:4:"Time";i:1;s:8:"24 Hours";}}]]></wp:meta_value>
		</wp:postmeta>
		<wp:postmeta>
			<wp:meta_key>post_address</wp:meta_key>
			<wp:meta_value><![CDATA[Redhill, Surrey, UK]]></wp:meta_value>
		</wp:postmeta>
		<wp:postmeta>
			<wp:meta_key>post_video</wp:meta_key>
			<wp:meta_value><![CDATA[]]></wp:meta_value>
		</wp:postmeta>
		<wp:postmeta>
			<wp:meta_key>post_price_plan_id</wp:meta_key>
			<wp:meta_value><![CDATA[1]]></wp:meta_value>
		</wp:postmeta>
		<wp:postmeta>
			<wp:meta_key>post_price_plan_activation_date</wp:meta_key>
			<wp:meta_value><![CDATA[03/03/2015 06:53:43]]></wp:meta_value>
		</wp:postmeta>
		<wp:postmeta>
			<wp:meta_key>post_price_plan_expiration_date_normal</wp:meta_key>
			<wp:meta_value><![CDATA[01/01/1970 00:00:00]]></wp:meta_value>
		</wp:postmeta>
		<wp:postmeta>
			<wp:meta_key>post_price_plan_expiration_date</wp:meta_key>
			<wp:meta_value><![CDATA[0]]></wp:meta_value>
		</wp:postmeta>
	</item>
	<item>
		<title>Luxury Car For Sales</title>
		<link>http://www.joinwebs.com/classify/luxury-car-for-sales/</link>
		<pubDate>Tue, 03 Mar 2015 06:57:53 +0000</pubDate>
		<dc:creator><![CDATA[shabir]]></dc:creator>
		<guid isPermaLink="false">http://www.joinwebs.com/classify/luxury-car-for-sales/</guid>
		<description></description>
		<content:encoded><![CDATA[Lorem Ipsum is simply dummy text of the printing and typesetting industry. Lorem Ipsum has been the industry’s standard dummy text ever since the 1500s, when an unknown printer took a galley of type and scrambled it to make a type specimen book.

Lorem Ipsum is simply dummy text of the printing and typesetting industry. Lorem Ipsum has been the industry’s standard dummy text ever since the 1500s, when an unknown printer took a galley of type and scrambled it to make a type specimen book.

Lorem Ipsum is simply dummy text of the printing and typesetting industry. Lorem Ipsum has been the industry’s standard dummy text ever since the 1500s, when an unknown printer took a galley of type and scrambled it to make a type specimen book]]></content:encoded>
		<excerpt:encoded><![CDATA[]]></excerpt:encoded>
		<wp:post_id>1717</wp:post_id>
		<wp:post_date>2015-03-03 06:57:53</wp:post_date>
		<wp:post_date_gmt>2015-03-03 06:57:53</wp:post_date_gmt>
		<wp:comment_status>open</wp:comment_status>
		<wp:ping_status>open</wp:ping_status>
		<wp:post_name>luxury-car-for-sales</wp:post_name>
		<wp:status>publish</wp:status>
		<wp:post_parent>0</wp:post_parent>
		<wp:menu_order>0</wp:menu_order>
		<wp:post_type>post</wp:post_type>
		<wp:post_password></wp:post_password>
		<wp:is_sticky>0</wp:is_sticky>
		<category domain="post_tag" nicename="cars"><![CDATA[cars]]></category>
		<category domain="category" nicename="vehicles-expensive-cars"><![CDATA[Expensive Cars]]></category>
		<wp:postmeta>
			<wp:meta_key>wpb_post_views_count</wp:meta_key>
			<wp:meta_value><![CDATA[49]]></wp:meta_value>
		</wp:postmeta>
		<wp:postmeta>
			<wp:meta_key>ratings_users</wp:meta_key>
			<wp:meta_value><![CDATA[0]]></wp:meta_value>
		</wp:postmeta>
		<wp:postmeta>
			<wp:meta_key>ratings_score</wp:meta_key>
			<wp:meta_value><![CDATA[0]]></wp:meta_value>
		</wp:postmeta>
		<wp:postmeta>
			<wp:meta_key>ratings_average</wp:meta_key>
			<wp:meta_value><![CDATA[0]]></wp:meta_value>
		</wp:postmeta>
		<wp:postmeta>
			<wp:meta_key>post_price</wp:meta_key>
			<wp:meta_value><![CDATA[$2500]]></wp:meta_value>
		</wp:postmeta>
		<wp:postmeta>
			<wp:meta_key>post_location</wp:meta_key>
			<wp:meta_value><![CDATA[Kingston]]></wp:meta_value>
		</wp:postmeta>
		<wp:postmeta>
			<wp:meta_key>post_latitude</wp:meta_key>
			<wp:meta_value><![CDATA[51.41233]]></wp:meta_value>
		</wp:postmeta>
		<wp:postmeta>
			<wp:meta_key>post_longitude</wp:meta_key>
			<wp:meta_value><![CDATA[-0.30068900000003396]]></wp:meta_value>
		</wp:postmeta>
		<wp:postmeta>
			<wp:meta_key>featured_ads</wp:meta_key>
			<wp:meta_value><![CDATA[]]></wp:meta_value>
		</wp:postmeta>
		<wp:postmeta>
			<wp:meta_key>plan_price</wp:meta_key>
			<wp:meta_value><![CDATA[]]></wp:meta_value>
		</wp:postmeta>
		<wp:postmeta>
			<wp:meta_key>plan_time</wp:meta_key>
			<wp:meta_value><![CDATA[]]></wp:meta_value>
		</wp:postmeta>
		<wp:postmeta>
			<wp:meta_key>post_category_type</wp:meta_key>
			<wp:meta_value><![CDATA[]]></wp:meta_value>
		</wp:postmeta>
		<wp:postmeta>
			<wp:meta_key>custom_field</wp:meta_key>
			<wp:meta_value><![CDATA[a:3:{i:0;a:2:{i:0;s:5:"Brand";i:1;s:4:"Ford";}i:1;a:2:{i:0;s:5:"Model";i:1;s:6:"FD2003";}i:2;a:2:{i:0;s:4:"Year";i:1;s:4:"2003";}}]]></wp:meta_value>
		</wp:postmeta>
		<wp:postmeta>
			<wp:meta_key>post_address</wp:meta_key>
			<wp:meta_value><![CDATA[Kingston upon Thames, Greater London, UK]]></wp:meta_value>
		</wp:postmeta>
		<wp:postmeta>
			<wp:meta_key>post_video</wp:meta_key>
			<wp:meta_value><![CDATA[]]></wp:meta_value>
		</wp:postmeta>
		<wp:postmeta>
			<wp:meta_key>_thumbnail_id</wp:meta_key>
			<wp:meta_value><![CDATA[1719]]></wp:meta_value>
		</wp:postmeta>
	</item>
	<item>
		<title>Cats for sale</title>
		<link>http://www.joinwebs.com/classify/cats-for-sale/</link>
		<pubDate>Tue, 03 Mar 2015 07:01:21 +0000</pubDate>
		<dc:creator><![CDATA[shabir]]></dc:creator>
		<guid isPermaLink="false">http://www.joinwebs.com/classify/cats-for-sale/</guid>
		<description></description>
		<content:encoded><![CDATA[Lorem Ipsum is simply dummy text of the printing and typesetting industry. Lorem Ipsum has been the industry’s standard dummy text ever since the 1500s, when an unknown printer took a galley of type and scrambled it to make a type specimen book.

Lorem Ipsum is simply dummy text of the printing and typesetting industry. Lorem Ipsum has been the industry’s standard dummy text ever since the 1500s, when an unknown printer took a galley of type and scrambled it to make a type specimen book.

Lorem Ipsum is simply dummy text of the printing and typesetting industry. Lorem Ipsum has been the industry’s standard dummy text ever since the 1500s, when an unknown printer took a galley of type and scrambled it to make a type specimen book]]></content:encoded>
		<excerpt:encoded><![CDATA[]]></excerpt:encoded>
		<wp:post_id>1720</wp:post_id>
		<wp:post_date>2015-03-03 07:01:21</wp:post_date>
		<wp:post_date_gmt>2015-03-03 07:01:21</wp:post_date_gmt>
		<wp:comment_status>open</wp:comment_status>
		<wp:ping_status>open</wp:ping_status>
		<wp:post_name>cats-for-sale</wp:post_name>
		<wp:status>publish</wp:status>
		<wp:post_parent>0</wp:post_parent>
		<wp:menu_order>0</wp:menu_order>
		<wp:post_type>post</wp:post_type>
		<wp:post_password></wp:post_password>
		<wp:is_sticky>0</wp:is_sticky>
		<category domain="category" nicename="pets-cats"><![CDATA[Cats]]></category>
		<category domain="post_tag" nicename="cats"><![CDATA[cats]]></category>
		<wp:postmeta>
			<wp:meta_key>wpb_post_views_count</wp:meta_key>
			<wp:meta_value><![CDATA[47]]></wp:meta_value>
		</wp:postmeta>
		<wp:postmeta>
			<wp:meta_key>ratings_users</wp:meta_key>
			<wp:meta_value><![CDATA[0]]></wp:meta_value>
		</wp:postmeta>
		<wp:postmeta>
			<wp:meta_key>ratings_score</wp:meta_key>
			<wp:meta_value><![CDATA[0]]></wp:meta_value>
		</wp:postmeta>
		<wp:postmeta>
			<wp:meta_key>ratings_average</wp:meta_key>
			<wp:meta_value><![CDATA[0]]></wp:meta_value>
		</wp:postmeta>
		<wp:postmeta>
			<wp:meta_key>post_price</wp:meta_key>
			<wp:meta_value><![CDATA[$600]]></wp:meta_value>
		</wp:postmeta>
		<wp:postmeta>
			<wp:meta_key>post_location</wp:meta_key>
			<wp:meta_value><![CDATA[Barnes]]></wp:meta_value>
		</wp:postmeta>
		<wp:postmeta>
			<wp:meta_key>post_latitude</wp:meta_key>
			<wp:meta_value><![CDATA[51.46708]]></wp:meta_value>
		</wp:postmeta>
		<wp:postmeta>
			<wp:meta_key>post_longitude</wp:meta_key>
			<wp:meta_value><![CDATA[-0.24214000000006308]]></wp:meta_value>
		</wp:postmeta>
		<wp:postmeta>
			<wp:meta_key>featured_ads</wp:meta_key>
			<wp:meta_value><![CDATA[]]></wp:meta_value>
		</wp:postmeta>
		<wp:postmeta>
			<wp:meta_key>plan_price</wp:meta_key>
			<wp:meta_value><![CDATA[]]></wp:meta_value>
		</wp:postmeta>
		<wp:postmeta>
			<wp:meta_key>plan_time</wp:meta_key>
			<wp:meta_value><![CDATA[]]></wp:meta_value>
		</wp:postmeta>
		<wp:postmeta>
			<wp:meta_key>post_category_type</wp:meta_key>
			<wp:meta_value><![CDATA[]]></wp:meta_value>
		</wp:postmeta>
		<wp:postmeta>
			<wp:meta_key>custom_field</wp:meta_key>
			<wp:meta_value><![CDATA[a:1:{i:0;a:2:{i:0;s:5:"Color";i:1;s:5:"White";}}]]></wp:meta_value>
		</wp:postmeta>
		<wp:postmeta>
			<wp:meta_key>post_address</wp:meta_key>
			<wp:meta_value><![CDATA[Barnes, London SW13, UK]]></wp:meta_value>
		</wp:postmeta>
		<wp:postmeta>
			<wp:meta_key>post_video</wp:meta_key>
			<wp:meta_value><![CDATA[]]></wp:meta_value>
		</wp:postmeta>
		<wp:postmeta>
			<wp:meta_key>post_price_plan_id</wp:meta_key>
			<wp:meta_value><![CDATA[1]]></wp:meta_value>
		</wp:postmeta>
		<wp:postmeta>
			<wp:meta_key>post_price_plan_activation_date</wp:meta_key>
			<wp:meta_value><![CDATA[03/03/2015 07:01:21]]></wp:meta_value>
		</wp:postmeta>
		<wp:postmeta>
			<wp:meta_key>post_price_plan_expiration_date_normal</wp:meta_key>
			<wp:meta_value><![CDATA[01/01/1970 00:00:00]]></wp:meta_value>
		</wp:postmeta>
		<wp:postmeta>
			<wp:meta_key>post_price_plan_expiration_date</wp:meta_key>
			<wp:meta_value><![CDATA[0]]></wp:meta_value>
		</wp:postmeta>
		<wp:postmeta>
			<wp:meta_key>featured_post</wp:meta_key>
			<wp:meta_value><![CDATA[1]]></wp:meta_value>
		</wp:postmeta>
		<wp:postmeta>
			<wp:meta_key>_thumbnail_id</wp:meta_key>
			<wp:meta_value><![CDATA[1722]]></wp:meta_value>
		</wp:postmeta>
	</item>
	<item>
		<title>Road Cleaner Needed</title>
		<link>http://www.joinwebs.com/classify/road-cleaner-needed/</link>
		<pubDate>Tue, 03 Mar 2015 07:06:15 +0000</pubDate>
		<dc:creator><![CDATA[shabir]]></dc:creator>
		<guid isPermaLink="false">http://www.joinwebs.com/classify/road-cleaner-needed/</guid>
		<description></description>
		<content:encoded><![CDATA[Lorem Ipsum is simply dummy text of the printing and typesetting industry. Lorem Ipsum has been the industry’s standard dummy text ever since the 1500s, when an unknown printer took a galley of type and scrambled it to make a type specimen book.

Lorem Ipsum is simply dummy text of the printing and typesetting industry. Lorem Ipsum has been the industry’s standard dummy text ever since the 1500s, when an unknown printer took a galley of type and scrambled it to make a type specimen book.

Lorem Ipsum is simply dummy text of the printing and typesetting industry. Lorem Ipsum has been the industry’s standard dummy text ever since the 1500s, when an unknown printer took a galley of type and scrambled it to make a type specimen book]]></content:encoded>
		<excerpt:encoded><![CDATA[]]></excerpt:encoded>
		<wp:post_id>1723</wp:post_id>
		<wp:post_date>2015-03-03 07:06:15</wp:post_date>
		<wp:post_date_gmt>2015-03-03 07:06:15</wp:post_date_gmt>
		<wp:comment_status>open</wp:comment_status>
		<wp:ping_status>open</wp:ping_status>
		<wp:post_name>road-cleaner-needed</wp:post_name>
		<wp:status>publish</wp:status>
		<wp:post_parent>0</wp:post_parent>
		<wp:menu_order>0</wp:menu_order>
		<wp:post_type>post</wp:post_type>
		<wp:post_password></wp:post_password>
		<wp:is_sticky>0</wp:is_sticky>
		<category domain="post_tag" nicename="cleaning"><![CDATA[cleaning]]></category>
		<category domain="category" nicename="cleaning-jobs"><![CDATA[Cleaning Jobs]]></category>
		<wp:postmeta>
			<wp:meta_key>wpb_post_views_count</wp:meta_key>
			<wp:meta_value><![CDATA[47]]></wp:meta_value>
		</wp:postmeta>
		<wp:postmeta>
			<wp:meta_key>ratings_users</wp:meta_key>
			<wp:meta_value><![CDATA[2]]></wp:meta_value>
		</wp:postmeta>
		<wp:postmeta>
			<wp:meta_key>ratings_score</wp:meta_key>
			<wp:meta_value><![CDATA[10]]></wp:meta_value>
		</wp:postmeta>
		<wp:postmeta>
			<wp:meta_key>ratings_average</wp:meta_key>
			<wp:meta_value><![CDATA[5]]></wp:meta_value>
		</wp:postmeta>
		<wp:postmeta>
			<wp:meta_key>post_price</wp:meta_key>
			<wp:meta_value><![CDATA[$1500]]></wp:meta_value>
		</wp:postmeta>
		<wp:postmeta>
			<wp:meta_key>post_location</wp:meta_key>
			<wp:meta_value><![CDATA[Weybridge]]></wp:meta_value>
		</wp:postmeta>
		<wp:postmeta>
			<wp:meta_key>post_latitude</wp:meta_key>
			<wp:meta_value><![CDATA[51.3716269]]></wp:meta_value>
		</wp:postmeta>
		<wp:postmeta>
			<wp:meta_key>post_longitude</wp:meta_key>
			<wp:meta_value><![CDATA[-0.457903999999985]]></wp:meta_value>
		</wp:postmeta>
		<wp:postmeta>
			<wp:meta_key>featured_ads</wp:meta_key>
			<wp:meta_value><![CDATA[]]></wp:meta_value>
		</wp:postmeta>
		<wp:postmeta>
			<wp:meta_key>plan_price</wp:meta_key>
			<wp:meta_value><![CDATA[]]></wp:meta_value>
		</wp:postmeta>
		<wp:postmeta>
			<wp:meta_key>plan_time</wp:meta_key>
			<wp:meta_value><![CDATA[]]></wp:meta_value>
		</wp:postmeta>
		<wp:postmeta>
			<wp:meta_key>post_category_type</wp:meta_key>
			<wp:meta_value><![CDATA[]]></wp:meta_value>
		</wp:postmeta>
		<wp:postmeta>
			<wp:meta_key>custom_field</wp:meta_key>
			<wp:meta_value><![CDATA[a:4:{i:0;a:2:{i:0;s:4:"Type";i:1;s:9:"Part time";}i:1;a:2:{i:0;s:4:"Time";i:1;s:7:"4 Hours";}i:2;a:2:{i:0;s:8:"Duration";i:1;s:13:"10 Am to 2 PM";}i:3;a:2:{i:0;s:10:"Experience";i:1;s:6:"2 Year";}}]]></wp:meta_value>
		</wp:postmeta>
		<wp:postmeta>
			<wp:meta_key>post_address</wp:meta_key>
			<wp:meta_value><![CDATA[Weybridge, Surrey, UK]]></wp:meta_value>
		</wp:postmeta>
		<wp:postmeta>
			<wp:meta_key>post_video</wp:meta_key>
			<wp:meta_value><![CDATA[]]></wp:meta_value>
		</wp:postmeta>
		<wp:postmeta>
			<wp:meta_key>_thumbnail_id</wp:meta_key>
			<wp:meta_value><![CDATA[1725]]></wp:meta_value>
		</wp:postmeta>
	</item>
	<item>
		<title>Bycycle for kids</title>
		<link>http://www.joinwebs.com/classify/bycycle-for-kids/</link>
		<pubDate>Tue, 03 Mar 2015 07:10:33 +0000</pubDate>
		<dc:creator><![CDATA[shabir]]></dc:creator>
		<guid isPermaLink="false">http://www.joinwebs.com/classify/bycycle-for-kids/</guid>
		<description></description>
		<content:encoded><![CDATA[Lorem Ipsum is simply dummy text of the printing and typesetting industry. Lorem Ipsum has been the industry’s standard dummy text ever since the 1500s, when an unknown printer took a galley of type and scrambled it to make a type specimen book.

Lorem Ipsum is simply dummy text of the printing and typesetting industry. Lorem Ipsum has been the industry’s standard dummy text ever since the 1500s, when an unknown printer took a galley of type and scrambled it to make a type specimen book.

Lorem Ipsum is simply dummy text of the printing and typesetting industry. Lorem Ipsum has been the industry’s standard dummy text ever since the 1500s, when an unknown printer took a galley of type and scrambled it to make a type specimen book]]></content:encoded>
		<excerpt:encoded><![CDATA[]]></excerpt:encoded>
		<wp:post_id>1726</wp:post_id>
		<wp:post_date>2015-03-03 07:10:33</wp:post_date>
		<wp:post_date_gmt>2015-03-03 07:10:33</wp:post_date_gmt>
		<wp:comment_status>open</wp:comment_status>
		<wp:ping_status>open</wp:ping_status>
		<wp:post_name>bycycle-for-kids</wp:post_name>
		<wp:status>publish</wp:status>
		<wp:post_parent>0</wp:post_parent>
		<wp:menu_order>0</wp:menu_order>
		<wp:post_type>post</wp:post_type>
		<wp:post_password></wp:post_password>
		<wp:is_sticky>0</wp:is_sticky>
		<category domain="category" nicename="vehicles-classic-fancy"><![CDATA[Classic&amp; Fancy]]></category>
		<category domain="post_tag" nicename="cycle"><![CDATA[cycle]]></category>
		<wp:postmeta>
			<wp:meta_key>wpb_post_views_count</wp:meta_key>
			<wp:meta_value><![CDATA[78]]></wp:meta_value>
		</wp:postmeta>
		<wp:postmeta>
			<wp:meta_key>ratings_users</wp:meta_key>
			<wp:meta_value><![CDATA[0]]></wp:meta_value>
		</wp:postmeta>
		<wp:postmeta>
			<wp:meta_key>ratings_score</wp:meta_key>
			<wp:meta_value><![CDATA[0]]></wp:meta_value>
		</wp:postmeta>
		<wp:postmeta>
			<wp:meta_key>ratings_average</wp:meta_key>
			<wp:meta_value><![CDATA[0]]></wp:meta_value>
		</wp:postmeta>
		<wp:postmeta>
			<wp:meta_key>post_price</wp:meta_key>
			<wp:meta_value><![CDATA[$500]]></wp:meta_value>
		</wp:postmeta>
		<wp:postmeta>
			<wp:meta_key>post_location</wp:meta_key>
			<wp:meta_value><![CDATA[Balham]]></wp:meta_value>
		</wp:postmeta>
		<wp:postmeta>
			<wp:meta_key>post_latitude</wp:meta_key>
			<wp:meta_value><![CDATA[51.4428311]]></wp:meta_value>
		</wp:postmeta>
		<wp:postmeta>
			<wp:meta_key>post_longitude</wp:meta_key>
			<wp:meta_value><![CDATA[-0.15261409999993703]]></wp:meta_value>
		</wp:postmeta>
		<wp:postmeta>
			<wp:meta_key>featured_ads</wp:meta_key>
			<wp:meta_value><![CDATA[]]></wp:meta_value>
		</wp:postmeta>
		<wp:postmeta>
			<wp:meta_key>plan_price</wp:meta_key>
			<wp:meta_value><![CDATA[]]></wp:meta_value>
		</wp:postmeta>
		<wp:postmeta>
			<wp:meta_key>plan_time</wp:meta_key>
			<wp:meta_value><![CDATA[]]></wp:meta_value>
		</wp:postmeta>
		<wp:postmeta>
			<wp:meta_key>post_category_type</wp:meta_key>
			<wp:meta_value><![CDATA[]]></wp:meta_value>
		</wp:postmeta>
		<wp:postmeta>
			<wp:meta_key>custom_field</wp:meta_key>
			<wp:meta_value><![CDATA[a:3:{i:0;a:2:{i:0;s:5:"Brand";i:1;s:3:"BMX";}i:1;a:2:{i:0;s:5:"Model";i:1;s:5:"BM200";}i:2;a:2:{i:0;s:5:"Color";i:1;s:5:"Black";}}]]></wp:meta_value>
		</wp:postmeta>
		<wp:postmeta>
			<wp:meta_key>post_address</wp:meta_key>
			<wp:meta_value><![CDATA[Balham, London SW12, UK]]></wp:meta_value>
		</wp:postmeta>
		<wp:postmeta>
			<wp:meta_key>post_video</wp:meta_key>
			<wp:meta_value><![CDATA[]]></wp:meta_value>
		</wp:postmeta>
		<wp:postmeta>
			<wp:meta_key>post_price_plan_id</wp:meta_key>
			<wp:meta_value><![CDATA[1]]></wp:meta_value>
		</wp:postmeta>
		<wp:postmeta>
			<wp:meta_key>post_price_plan_activation_date</wp:meta_key>
			<wp:meta_value><![CDATA[03/03/2015 07:10:33]]></wp:meta_value>
		</wp:postmeta>
		<wp:postmeta>
			<wp:meta_key>post_price_plan_expiration_date_normal</wp:meta_key>
			<wp:meta_value><![CDATA[01/01/1970 00:00:00]]></wp:meta_value>
		</wp:postmeta>
		<wp:postmeta>
			<wp:meta_key>post_price_plan_expiration_date</wp:meta_key>
			<wp:meta_value><![CDATA[0]]></wp:meta_value>
		</wp:postmeta>
		<wp:postmeta>
			<wp:meta_key>featured_post</wp:meta_key>
			<wp:meta_value><![CDATA[1]]></wp:meta_value>
		</wp:postmeta>
		<wp:postmeta>
			<wp:meta_key>_thumbnail_id</wp:meta_key>
			<wp:meta_value><![CDATA[1728]]></wp:meta_value>
		</wp:postmeta>
	</item>
	<item>
		<title>Dogs for sales</title>
		<link>http://www.joinwebs.com/classify/dogs-for-sales/</link>
		<pubDate>Tue, 03 Mar 2015 07:18:37 +0000</pubDate>
		<dc:creator><![CDATA[shabir]]></dc:creator>
		<guid isPermaLink="false">http://www.joinwebs.com/classify/dogs-for-sales/</guid>
		<description></description>
		<content:encoded><![CDATA[Lorem Ipsum is simply dummy text of the printing and typesetting industry. Lorem Ipsum has been the industry’s standard dummy text ever since the 1500s, when an unknown printer took a galley of type and scrambled it to make a type specimen book.

Lorem Ipsum is simply dummy text of the printing and typesetting industry. Lorem Ipsum has been the industry’s standard dummy text ever since the 1500s, when an unknown printer took a galley of type and scrambled it to make a type specimen book.

Lorem Ipsum is simply dummy text of the printing and typesetting industry. Lorem Ipsum has been the industry’s standard dummy text ever since the 1500s, when an unknown printer took a galley of type and scrambled it to make a type specimen book]]></content:encoded>
		<excerpt:encoded><![CDATA[]]></excerpt:encoded>
		<wp:post_id>1729</wp:post_id>
		<wp:post_date>2015-03-03 07:18:37</wp:post_date>
		<wp:post_date_gmt>2015-03-03 07:18:37</wp:post_date_gmt>
		<wp:comment_status>open</wp:comment_status>
		<wp:ping_status>open</wp:ping_status>
		<wp:post_name>dogs-for-sales</wp:post_name>
		<wp:status>publish</wp:status>
		<wp:post_parent>0</wp:post_parent>
		<wp:menu_order>0</wp:menu_order>
		<wp:post_type>post</wp:post_type>
		<wp:post_password></wp:post_password>
		<wp:is_sticky>0</wp:is_sticky>
		<category domain="category" nicename="pets-dogs"><![CDATA[Dogs]]></category>
		<category domain="post_tag" nicename="dogs"><![CDATA[dogs]]></category>
		<wp:postmeta>
			<wp:meta_key>wpb_post_views_count</wp:meta_key>
			<wp:meta_value><![CDATA[34]]></wp:meta_value>
		</wp:postmeta>
		<wp:postmeta>
			<wp:meta_key>ratings_users</wp:meta_key>
			<wp:meta_value><![CDATA[0]]></wp:meta_value>
		</wp:postmeta>
		<wp:postmeta>
			<wp:meta_key>ratings_score</wp:meta_key>
			<wp:meta_value><![CDATA[0]]></wp:meta_value>
		</wp:postmeta>
		<wp:postmeta>
			<wp:meta_key>ratings_average</wp:meta_key>
			<wp:meta_value><![CDATA[0]]></wp:meta_value>
		</wp:postmeta>
		<wp:postmeta>
			<wp:meta_key>post_price</wp:meta_key>
			<wp:meta_value><![CDATA[$2000]]></wp:meta_value>
		</wp:postmeta>
		<wp:postmeta>
			<wp:meta_key>post_location</wp:meta_key>
			<wp:meta_value><![CDATA[Battersea]]></wp:meta_value>
		</wp:postmeta>
		<wp:postmeta>
			<wp:meta_key>post_latitude</wp:meta_key>
			<wp:meta_value><![CDATA[51.46390239999999]]></wp:meta_value>
		</wp:postmeta>
		<wp:postmeta>
			<wp:meta_key>post_longitude</wp:meta_key>
			<wp:meta_value><![CDATA[-0.16774150000003374]]></wp:meta_value>
		</wp:postmeta>
		<wp:postmeta>
			<wp:meta_key>featured_ads</wp:meta_key>
			<wp:meta_value><![CDATA[]]></wp:meta_value>
		</wp:postmeta>
		<wp:postmeta>
			<wp:meta_key>plan_price</wp:meta_key>
			<wp:meta_value><![CDATA[]]></wp:meta_value>
		</wp:postmeta>
		<wp:postmeta>
			<wp:meta_key>plan_time</wp:meta_key>
			<wp:meta_value><![CDATA[]]></wp:meta_value>
		</wp:postmeta>
		<wp:postmeta>
			<wp:meta_key>post_category_type</wp:meta_key>
			<wp:meta_value><![CDATA[]]></wp:meta_value>
		</wp:postmeta>
		<wp:postmeta>
			<wp:meta_key>custom_field</wp:meta_key>
			<wp:meta_value><![CDATA[a:3:{i:0;a:2:{i:0;s:4:"Type";i:1;s:6:"Hunter";}i:1;a:2:{i:0;s:5:"Color";i:1;s:15:"Brown And Black";}i:2;a:2:{i:0;s:5:"Breed";i:1;s:12:"Halden Hound";}}]]></wp:meta_value>
		</wp:postmeta>
		<wp:postmeta>
			<wp:meta_key>post_address</wp:meta_key>
			<wp:meta_value><![CDATA[Battersea, London SW11, UK]]></wp:meta_value>
		</wp:postmeta>
		<wp:postmeta>
			<wp:meta_key>post_video</wp:meta_key>
			<wp:meta_value><![CDATA[]]></wp:meta_value>
		</wp:postmeta>
		<wp:postmeta>
			<wp:meta_key>_thumbnail_id</wp:meta_key>
			<wp:meta_value><![CDATA[1731]]></wp:meta_value>
		</wp:postmeta>
	</item>
	<item>
		<title>Cute Puppies</title>
		<link>http://www.joinwebs.com/classify/cute-puppies/</link>
		<pubDate>Tue, 03 Mar 2015 07:22:03 +0000</pubDate>
		<dc:creator><![CDATA[shabir]]></dc:creator>
		<guid isPermaLink="false">http://www.joinwebs.com/classify/cute-puppies/</guid>
		<description></description>
		<content:encoded><![CDATA[Lorem Ipsum is simply dummy text of the printing and typesetting industry. Lorem Ipsum has been the industry’s standard dummy text ever since the 1500s, when an unknown printer took a galley of type and scrambled it to make a type specimen book.

Lorem Ipsum is simply dummy text of the printing and typesetting industry. Lorem Ipsum has been the industry’s standard dummy text ever since the 1500s, when an unknown printer took a galley of type and scrambled it to make a type specimen book.

Lorem Ipsum is simply dummy text of the printing and typesetting industry. Lorem Ipsum has been the industry’s standard dummy text ever since the 1500s, when an unknown printer took a galley of type and scrambled it to make a type specimen book]]></content:encoded>
		<excerpt:encoded><![CDATA[]]></excerpt:encoded>
		<wp:post_id>1732</wp:post_id>
		<wp:post_date>2015-03-03 07:22:03</wp:post_date>
		<wp:post_date_gmt>2015-03-03 07:22:03</wp:post_date_gmt>
		<wp:comment_status>open</wp:comment_status>
		<wp:ping_status>open</wp:ping_status>
		<wp:post_name>cute-puppies</wp:post_name>
		<wp:status>publish</wp:status>
		<wp:post_parent>0</wp:post_parent>
		<wp:menu_order>0</wp:menu_order>
		<wp:post_type>post</wp:post_type>
		<wp:post_password></wp:post_password>
		<wp:is_sticky>0</wp:is_sticky>
		<category domain="category" nicename="pets-dogs"><![CDATA[Dogs]]></category>
		<category domain="post_tag" nicename="dogs"><![CDATA[dogs]]></category>
		<wp:postmeta>
			<wp:meta_key>wpb_post_views_count</wp:meta_key>
			<wp:meta_value><![CDATA[93]]></wp:meta_value>
		</wp:postmeta>
		<wp:postmeta>
			<wp:meta_key>ratings_users</wp:meta_key>
			<wp:meta_value><![CDATA[0]]></wp:meta_value>
		</wp:postmeta>
		<wp:postmeta>
			<wp:meta_key>ratings_score</wp:meta_key>
			<wp:meta_value><![CDATA[0]]></wp:meta_value>
		</wp:postmeta>
		<wp:postmeta>
			<wp:meta_key>ratings_average</wp:meta_key>
			<wp:meta_value><![CDATA[0]]></wp:meta_value>
		</wp:postmeta>
		<wp:postmeta>
			<wp:meta_key>post_price</wp:meta_key>
			<wp:meta_value><![CDATA[$3500]]></wp:meta_value>
		</wp:postmeta>
		<wp:postmeta>
			<wp:meta_key>post_location</wp:meta_key>
			<wp:meta_value><![CDATA[Banstead]]></wp:meta_value>
		</wp:postmeta>
		<wp:postmeta>
			<wp:meta_key>post_latitude</wp:meta_key>
			<wp:meta_value><![CDATA[51.3221909]]></wp:meta_value>
		</wp:postmeta>
		<wp:postmeta>
			<wp:meta_key>post_longitude</wp:meta_key>
			<wp:meta_value><![CDATA[-0.20504600000003848]]></wp:meta_value>
		</wp:postmeta>
		<wp:postmeta>
			<wp:meta_key>featured_ads</wp:meta_key>
			<wp:meta_value><![CDATA[]]></wp:meta_value>
		</wp:postmeta>
		<wp:postmeta>
			<wp:meta_key>plan_price</wp:meta_key>
			<wp:meta_value><![CDATA[]]></wp:meta_value>
		</wp:postmeta>
		<wp:postmeta>
			<wp:meta_key>plan_time</wp:meta_key>
			<wp:meta_value><![CDATA[]]></wp:meta_value>
		</wp:postmeta>
		<wp:postmeta>
			<wp:meta_key>post_category_type</wp:meta_key>
			<wp:meta_value><![CDATA[]]></wp:meta_value>
		</wp:postmeta>
		<wp:postmeta>
			<wp:meta_key>custom_field</wp:meta_key>
			<wp:meta_value><![CDATA[a:3:{i:0;a:2:{i:0;s:4:"Type";i:1;s:5:"Puppy";}i:1;a:2:{i:0;s:5:"Color";i:1;s:5:"White";}i:2;a:2:{i:0;s:5:"Breed";i:1;s:8:"Labrador";}}]]></wp:meta_value>
		</wp:postmeta>
		<wp:postmeta>
			<wp:meta_key>post_address</wp:meta_key>
			<wp:meta_value><![CDATA[Banstead, Surrey, UK]]></wp:meta_value>
		</wp:postmeta>
		<wp:postmeta>
			<wp:meta_key>post_video</wp:meta_key>
			<wp:meta_value><![CDATA[]]></wp:meta_value>
		</wp:postmeta>
		<wp:postmeta>
			<wp:meta_key>post_price_plan_id</wp:meta_key>
			<wp:meta_value><![CDATA[1]]></wp:meta_value>
		</wp:postmeta>
		<wp:postmeta>
			<wp:meta_key>post_price_plan_activation_date</wp:meta_key>
			<wp:meta_value><![CDATA[03/03/2015 07:22:03]]></wp:meta_value>
		</wp:postmeta>
		<wp:postmeta>
			<wp:meta_key>post_price_plan_expiration_date_normal</wp:meta_key>
			<wp:meta_value><![CDATA[01/01/1970 00:00:00]]></wp:meta_value>
		</wp:postmeta>
		<wp:postmeta>
			<wp:meta_key>post_price_plan_expiration_date</wp:meta_key>
			<wp:meta_value><![CDATA[0]]></wp:meta_value>
		</wp:postmeta>
		<wp:postmeta>
			<wp:meta_key>featured_post</wp:meta_key>
			<wp:meta_value><![CDATA[1]]></wp:meta_value>
		</wp:postmeta>
		<wp:postmeta>
			<wp:meta_key>_thumbnail_id</wp:meta_key>
			<wp:meta_value><![CDATA[1734]]></wp:meta_value>
		</wp:postmeta>
	</item>
	<item>
		<title>Bracelet for sales</title>
		<link>http://www.joinwebs.com/classify/bracelet-for-sales/</link>
		<pubDate>Tue, 03 Mar 2015 07:26:36 +0000</pubDate>
		<dc:creator><![CDATA[shabir]]></dc:creator>
		<guid isPermaLink="false">http://www.joinwebs.com/classify/bracelet-for-sales/</guid>
		<description></description>
		<content:encoded><![CDATA[Lorem Ipsum is simply dummy text of the printing and typesetting industry. Lorem Ipsum has been the industry’s standard dummy text ever since the 1500s, when an unknown printer took a galley of type and scrambled it to make a type specimen book.

Lorem Ipsum is simply dummy text of the printing and typesetting industry. Lorem Ipsum has been the industry’s standard dummy text ever since the 1500s, when an unknown printer took a galley of type and scrambled it to make a type specimen book.

Lorem Ipsum is simply dummy text of the printing and typesetting industry. Lorem Ipsum has been the industry’s standard dummy text ever since the 1500s, when an unknown printer took a galley of type and scrambled it to make a type specimen book]]></content:encoded>
		<excerpt:encoded><![CDATA[]]></excerpt:encoded>
		<wp:post_id>1735</wp:post_id>
		<wp:post_date>2015-03-03 07:26:36</wp:post_date>
		<wp:post_date_gmt>2015-03-03 07:26:36</wp:post_date_gmt>
		<wp:comment_status>open</wp:comment_status>
		<wp:ping_status>open</wp:ping_status>
		<wp:post_name>bracelet-for-sales</wp:post_name>
		<wp:status>publish</wp:status>
		<wp:post_parent>0</wp:post_parent>
		<wp:menu_order>0</wp:menu_order>
		<wp:post_type>post</wp:post_type>
		<wp:post_password></wp:post_password>
		<wp:is_sticky>0</wp:is_sticky>
		<category domain="post_tag" nicename="fancy"><![CDATA[fancy]]></category>
		<category domain="category" nicename="jewellery"><![CDATA[Jewellery]]></category>
		<wp:postmeta>
			<wp:meta_key>wpb_post_views_count</wp:meta_key>
			<wp:meta_value><![CDATA[93]]></wp:meta_value>
		</wp:postmeta>
		<wp:postmeta>
			<wp:meta_key>ratings_users</wp:meta_key>
			<wp:meta_value><![CDATA[0]]></wp:meta_value>
		</wp:postmeta>
		<wp:postmeta>
			<wp:meta_key>ratings_score</wp:meta_key>
			<wp:meta_value><![CDATA[0]]></wp:meta_value>
		</wp:postmeta>
		<wp:postmeta>
			<wp:meta_key>ratings_average</wp:meta_key>
			<wp:meta_value><![CDATA[0]]></wp:meta_value>
		</wp:postmeta>
		<wp:postmeta>
			<wp:meta_key>post_price</wp:meta_key>
			<wp:meta_value><![CDATA[$50]]></wp:meta_value>
		</wp:postmeta>
		<wp:postmeta>
			<wp:meta_key>post_location</wp:meta_key>
			<wp:meta_value><![CDATA[Wimbledon]]></wp:meta_value>
		</wp:postmeta>
		<wp:postmeta>
			<wp:meta_key>post_latitude</wp:meta_key>
			<wp:meta_value><![CDATA[51.41833889999999]]></wp:meta_value>
		</wp:postmeta>
		<wp:postmeta>
			<wp:meta_key>post_longitude</wp:meta_key>
			<wp:meta_value><![CDATA[-0.22062879999998586]]></wp:meta_value>
		</wp:postmeta>
		<wp:postmeta>
			<wp:meta_key>featured_ads</wp:meta_key>
			<wp:meta_value><![CDATA[]]></wp:meta_value>
		</wp:postmeta>
		<wp:postmeta>
			<wp:meta_key>plan_price</wp:meta_key>
			<wp:meta_value><![CDATA[]]></wp:meta_value>
		</wp:postmeta>
		<wp:postmeta>
			<wp:meta_key>plan_time</wp:meta_key>
			<wp:meta_value><![CDATA[]]></wp:meta_value>
		</wp:postmeta>
		<wp:postmeta>
			<wp:meta_key>post_category_type</wp:meta_key>
			<wp:meta_value><![CDATA[]]></wp:meta_value>
		</wp:postmeta>
		<wp:postmeta>
			<wp:meta_key>custom_field</wp:meta_key>
			<wp:meta_value><![CDATA[a:2:{i:0;a:2:{i:0;s:3:"M/F";i:1;s:6:"Female";}i:1;a:2:{i:0;s:9:"Artifacts";i:1;s:5:"Fancy";}}]]></wp:meta_value>
		</wp:postmeta>
		<wp:postmeta>
			<wp:meta_key>post_address</wp:meta_key>
			<wp:meta_value><![CDATA[Wimbledon, London, UK]]></wp:meta_value>
		</wp:postmeta>
		<wp:postmeta>
			<wp:meta_key>post_video</wp:meta_key>
			<wp:meta_value><![CDATA[]]></wp:meta_value>
		</wp:postmeta>
		<wp:postmeta>
			<wp:meta_key>post_price_plan_id</wp:meta_key>
			<wp:meta_value><![CDATA[1]]></wp:meta_value>
		</wp:postmeta>
		<wp:postmeta>
			<wp:meta_key>post_price_plan_activation_date</wp:meta_key>
			<wp:meta_value><![CDATA[03/03/2015 07:26:36]]></wp:meta_value>
		</wp:postmeta>
		<wp:postmeta>
			<wp:meta_key>post_price_plan_expiration_date_normal</wp:meta_key>
			<wp:meta_value><![CDATA[01/01/1970 00:00:00]]></wp:meta_value>
		</wp:postmeta>
		<wp:postmeta>
			<wp:meta_key>post_price_plan_expiration_date</wp:meta_key>
			<wp:meta_value><![CDATA[0]]></wp:meta_value>
		</wp:postmeta>
		<wp:postmeta>
			<wp:meta_key>featured_post</wp:meta_key>
			<wp:meta_value><![CDATA[1]]></wp:meta_value>
		</wp:postmeta>
		<wp:postmeta>
			<wp:meta_key>_thumbnail_id</wp:meta_key>
			<wp:meta_value><![CDATA[1738]]></wp:meta_value>
		</wp:postmeta>
	</item>
	<item>
		<title>Fishing rod</title>
		<link>http://www.joinwebs.com/classify/fishing-rod/</link>
		<pubDate>Tue, 03 Mar 2015 07:29:13 +0000</pubDate>
		<dc:creator><![CDATA[shabir]]></dc:creator>
		<guid isPermaLink="false">http://www.joinwebs.com/classify/fishing-rod/</guid>
		<description></description>
		<content:encoded><![CDATA[Lorem Ipsum is simply dummy text of the printing and typesetting industry. Lorem Ipsum has been the industry’s standard dummy text ever since the 1500s, when an unknown printer took a galley of type and scrambled it to make a type specimen book.

Lorem Ipsum is simply dummy text of the printing and typesetting industry. Lorem Ipsum has been the industry’s standard dummy text ever since the 1500s, when an unknown printer took a galley of type and scrambled it to make a type specimen book.

Lorem Ipsum is simply dummy text of the printing and typesetting industry. Lorem Ipsum has been the industry’s standard dummy text ever since the 1500s, when an unknown printer took a galley of type and scrambled it to make a type specimen book]]></content:encoded>
		<excerpt:encoded><![CDATA[]]></excerpt:encoded>
		<wp:post_id>1739</wp:post_id>
		<wp:post_date>2015-03-03 07:29:13</wp:post_date>
		<wp:post_date_gmt>2015-03-03 07:29:13</wp:post_date_gmt>
		<wp:comment_status>open</wp:comment_status>
		<wp:ping_status>open</wp:ping_status>
		<wp:post_name>fishing-rod</wp:post_name>
		<wp:status>publish</wp:status>
		<wp:post_parent>0</wp:post_parent>
		<wp:menu_order>0</wp:menu_order>
		<wp:post_type>post</wp:post_type>
		<wp:post_password></wp:post_password>
		<wp:is_sticky>0</wp:is_sticky>
		<category domain="category" nicename="vehicles-classic-fancy"><![CDATA[Classic&amp; Fancy]]></category>
		<category domain="post_tag" nicename="fish"><![CDATA[fish]]></category>
		<wp:postmeta>
			<wp:meta_key>_thumbnail_id</wp:meta_key>
			<wp:meta_value><![CDATA[1740]]></wp:meta_value>
		</wp:postmeta>
		<wp:postmeta>
			<wp:meta_key>wpb_post_views_count</wp:meta_key>
			<wp:meta_value><![CDATA[49]]></wp:meta_value>
		</wp:postmeta>
		<wp:postmeta>
			<wp:meta_key>plan_price</wp:meta_key>
			<wp:meta_value><![CDATA[]]></wp:meta_value>
		</wp:postmeta>
		<wp:postmeta>
			<wp:meta_key>plan_time</wp:meta_key>
			<wp:meta_value><![CDATA[]]></wp:meta_value>
		</wp:postmeta>
		<wp:postmeta>
			<wp:meta_key>post_category_type</wp:meta_key>
			<wp:meta_value><![CDATA[]]></wp:meta_value>
		</wp:postmeta>
		<wp:postmeta>
			<wp:meta_key>custom_field</wp:meta_key>
			<wp:meta_value><![CDATA[a:3:{i:0;a:2:{i:0;s:5:"Brand";i:1;s:4:"Maxi";}i:1;a:2:{i:0;s:5:"Model";i:1;s:6:"Ma1995";}i:2;a:2:{i:0;s:5:"Color";i:1;s:4:"Blue";}}]]></wp:meta_value>
		</wp:postmeta>
		<wp:postmeta>
			<wp:meta_key>post_address</wp:meta_key>
			<wp:meta_value><![CDATA[Putney, London SW15, UK]]></wp:meta_value>
		</wp:postmeta>
		<wp:postmeta>
			<wp:meta_key>post_video</wp:meta_key>
			<wp:meta_value><![CDATA[]]></wp:meta_value>
		</wp:postmeta>
		<wp:postmeta>
			<wp:meta_key>ratings_users</wp:meta_key>
			<wp:meta_value><![CDATA[0]]></wp:meta_value>
		</wp:postmeta>
		<wp:postmeta>
			<wp:meta_key>ratings_score</wp:meta_key>
			<wp:meta_value><![CDATA[0]]></wp:meta_value>
		</wp:postmeta>
		<wp:postmeta>
			<wp:meta_key>ratings_average</wp:meta_key>
			<wp:meta_value><![CDATA[0]]></wp:meta_value>
		</wp:postmeta>
		<wp:postmeta>
			<wp:meta_key>post_price</wp:meta_key>
			<wp:meta_value><![CDATA[$150]]></wp:meta_value>
		</wp:postmeta>
		<wp:postmeta>
			<wp:meta_key>post_location</wp:meta_key>
			<wp:meta_value><![CDATA[Putney]]></wp:meta_value>
		</wp:postmeta>
		<wp:postmeta>
			<wp:meta_key>post_latitude</wp:meta_key>
			<wp:meta_value><![CDATA[51.4605741]]></wp:meta_value>
		</wp:postmeta>
		<wp:postmeta>
			<wp:meta_key>post_longitude</wp:meta_key>
			<wp:meta_value><![CDATA[-0.21718009999995047]]></wp:meta_value>
		</wp:postmeta>
		<wp:postmeta>
			<wp:meta_key>featured_ads</wp:meta_key>
			<wp:meta_value><![CDATA[]]></wp:meta_value>
		</wp:postmeta>
	</item>
	<item>
		<title>Flat for sales</title>
		<link>http://www.joinwebs.com/classify/flat-for-sales/</link>
		<pubDate>Tue, 03 Mar 2015 07:32:13 +0000</pubDate>
		<dc:creator><![CDATA[shabir]]></dc:creator>
		<guid isPermaLink="false">http://www.joinwebs.com/classify/flat-for-sales/</guid>
		<description></description>
		<content:encoded><![CDATA[Lorem Ipsum is simply dummy text of the printing and typesetting industry. Lorem Ipsum has been the industry’s standard dummy text ever since the 1500s, when an unknown printer took a galley of type and scrambled it to make a type specimen book.

Lorem Ipsum is simply dummy text of the printing and typesetting industry. Lorem Ipsum has been the industry’s standard dummy text ever since the 1500s, when an unknown printer took a galley of type and scrambled it to make a type specimen book.

Lorem Ipsum is simply dummy text of the printing and typesetting industry. Lorem Ipsum has been the industry’s standard dummy text ever since the 1500s, when an unknown printer took a galley of type and scrambled it to make a type specimen book]]></content:encoded>
		<excerpt:encoded><![CDATA[]]></excerpt:encoded>
		<wp:post_id>1741</wp:post_id>
		<wp:post_date>2015-03-03 07:32:13</wp:post_date>
		<wp:post_date_gmt>2015-03-03 07:32:13</wp:post_date_gmt>
		<wp:comment_status>open</wp:comment_status>
		<wp:ping_status>open</wp:ping_status>
		<wp:post_name>flat-for-sales</wp:post_name>
		<wp:status>publish</wp:status>
		<wp:post_parent>0</wp:post_parent>
		<wp:menu_order>0</wp:menu_order>
		<wp:post_type>post</wp:post_type>
		<wp:post_password></wp:post_password>
		<wp:is_sticky>0</wp:is_sticky>
		<category domain="category" nicename="estate-commercial-local"><![CDATA[Commercial &amp; Local]]></category>
		<category domain="post_tag" nicename="flat"><![CDATA[flat]]></category>
		<wp:postmeta>
			<wp:meta_key>ratings_users</wp:meta_key>
			<wp:meta_value><![CDATA[0]]></wp:meta_value>
		</wp:postmeta>
		<wp:postmeta>
			<wp:meta_key>ratings_score</wp:meta_key>
			<wp:meta_value><![CDATA[0]]></wp:meta_value>
		</wp:postmeta>
		<wp:postmeta>
			<wp:meta_key>ratings_average</wp:meta_key>
			<wp:meta_value><![CDATA[0]]></wp:meta_value>
		</wp:postmeta>
		<wp:postmeta>
			<wp:meta_key>post_price</wp:meta_key>
			<wp:meta_value><![CDATA[$5000]]></wp:meta_value>
		</wp:postmeta>
		<wp:postmeta>
			<wp:meta_key>post_location</wp:meta_key>
			<wp:meta_value><![CDATA[Richmond]]></wp:meta_value>
		</wp:postmeta>
		<wp:postmeta>
			<wp:meta_key>post_latitude</wp:meta_key>
			<wp:meta_value><![CDATA[51.46131099999999]]></wp:meta_value>
		</wp:postmeta>
		<wp:postmeta>
			<wp:meta_key>post_longitude</wp:meta_key>
			<wp:meta_value><![CDATA[-0.3037420000000566]]></wp:meta_value>
		</wp:postmeta>
		<wp:postmeta>
			<wp:meta_key>featured_ads</wp:meta_key>
			<wp:meta_value><![CDATA[]]></wp:meta_value>
		</wp:postmeta>
		<wp:postmeta>
			<wp:meta_key>plan_price</wp:meta_key>
			<wp:meta_value><![CDATA[]]></wp:meta_value>
		</wp:postmeta>
		<wp:postmeta>
			<wp:meta_key>plan_time</wp:meta_key>
			<wp:meta_value><![CDATA[]]></wp:meta_value>
		</wp:postmeta>
		<wp:postmeta>
			<wp:meta_key>post_category_type</wp:meta_key>
			<wp:meta_value><![CDATA[]]></wp:meta_value>
		</wp:postmeta>
		<wp:postmeta>
			<wp:meta_key>custom_field</wp:meta_key>
			<wp:meta_value><![CDATA[a:3:{i:0;a:2:{i:0;s:4:"Type";i:1;s:11:"Commercials";}i:1;a:2:{i:0;s:4:"Area";i:1;s:7:"20000 F";}i:2;a:2:{i:0;s:7:"Advance";i:1;s:3:"50%";}}]]></wp:meta_value>
		</wp:postmeta>
		<wp:postmeta>
			<wp:meta_key>post_address</wp:meta_key>
			<wp:meta_value><![CDATA[Richmond, Richmond, Greater London, UK]]></wp:meta_value>
		</wp:postmeta>
		<wp:postmeta>
			<wp:meta_key>post_video</wp:meta_key>
			<wp:meta_value><![CDATA[]]></wp:meta_value>
		</wp:postmeta>
		<wp:postmeta>
			<wp:meta_key>_thumbnail_id</wp:meta_key>
			<wp:meta_value><![CDATA[1742]]></wp:meta_value>
		</wp:postmeta>
		<wp:postmeta>
			<wp:meta_key>wpb_post_views_count</wp:meta_key>
			<wp:meta_value><![CDATA[39]]></wp:meta_value>
		</wp:postmeta>
	</item>
	<item>
		<title>PHP Developer Needed</title>
		<link>http://www.joinwebs.com/classify/php-developer-needed/</link>
		<pubDate>Tue, 03 Mar 2015 07:36:31 +0000</pubDate>
		<dc:creator><![CDATA[shabir]]></dc:creator>
		<guid isPermaLink="false">http://www.joinwebs.com/classify/php-developer-needed/</guid>
		<description></description>
		<content:encoded><![CDATA[Lorem Ipsum is simply dummy text of the printing and typesetting industry. Lorem Ipsum has been the industry’s standard dummy text ever since the 1500s, when an unknown printer took a galley of type and scrambled it to make a type specimen book.

Lorem Ipsum is simply dummy text of the printing and typesetting industry. Lorem Ipsum has been the industry’s standard dummy text ever since the 1500s, when an unknown printer took a galley of type and scrambled it to make a type specimen book.

Lorem Ipsum is simply dummy text of the printing and typesetting industry. Lorem Ipsum has been the industry’s standard dummy text ever since the 1500s, when an unknown printer took a galley of type and scrambled it to make a type specimen book]]></content:encoded>
		<excerpt:encoded><![CDATA[]]></excerpt:encoded>
		<wp:post_id>1743</wp:post_id>
		<wp:post_date>2015-03-03 07:36:31</wp:post_date>
		<wp:post_date_gmt>2015-03-03 07:36:31</wp:post_date_gmt>
		<wp:comment_status>open</wp:comment_status>
		<wp:ping_status>open</wp:ping_status>
		<wp:post_name>php-developer-needed</wp:post_name>
		<wp:status>publish</wp:status>
		<wp:post_parent>0</wp:post_parent>
		<wp:menu_order>0</wp:menu_order>
		<wp:post_type>post</wp:post_type>
		<wp:post_password></wp:post_password>
		<wp:is_sticky>0</wp:is_sticky>
		<category domain="post_tag" nicename="developer"><![CDATA[developer]]></category>
		<category domain="category" nicename="development-jobs"><![CDATA[Development Jobs]]></category>
		<category domain="post_tag" nicename="php"><![CDATA[php]]></category>
		<wp:postmeta>
			<wp:meta_key>wpb_post_views_count</wp:meta_key>
			<wp:meta_value><![CDATA[31]]></wp:meta_value>
		</wp:postmeta>
		<wp:postmeta>
			<wp:meta_key>ratings_users</wp:meta_key>
			<wp:meta_value><![CDATA[0]]></wp:meta_value>
		</wp:postmeta>
		<wp:postmeta>
			<wp:meta_key>ratings_score</wp:meta_key>
			<wp:meta_value><![CDATA[0]]></wp:meta_value>
		</wp:postmeta>
		<wp:postmeta>
			<wp:meta_key>ratings_average</wp:meta_key>
			<wp:meta_value><![CDATA[0]]></wp:meta_value>
		</wp:postmeta>
		<wp:postmeta>
			<wp:meta_key>post_price</wp:meta_key>
			<wp:meta_value><![CDATA[$3500]]></wp:meta_value>
		</wp:postmeta>
		<wp:postmeta>
			<wp:meta_key>post_location</wp:meta_key>
			<wp:meta_value><![CDATA[Bromley]]></wp:meta_value>
		</wp:postmeta>
		<wp:postmeta>
			<wp:meta_key>post_latitude</wp:meta_key>
			<wp:meta_value><![CDATA[51.406025]]></wp:meta_value>
		</wp:postmeta>
		<wp:postmeta>
			<wp:meta_key>post_longitude</wp:meta_key>
			<wp:meta_value><![CDATA[0.01315599999998085]]></wp:meta_value>
		</wp:postmeta>
		<wp:postmeta>
			<wp:meta_key>featured_ads</wp:meta_key>
			<wp:meta_value><![CDATA[]]></wp:meta_value>
		</wp:postmeta>
		<wp:postmeta>
			<wp:meta_key>plan_price</wp:meta_key>
			<wp:meta_value><![CDATA[]]></wp:meta_value>
		</wp:postmeta>
		<wp:postmeta>
			<wp:meta_key>plan_time</wp:meta_key>
			<wp:meta_value><![CDATA[]]></wp:meta_value>
		</wp:postmeta>
		<wp:postmeta>
			<wp:meta_key>post_category_type</wp:meta_key>
			<wp:meta_value><![CDATA[]]></wp:meta_value>
		</wp:postmeta>
		<wp:postmeta>
			<wp:meta_key>custom_field</wp:meta_key>
			<wp:meta_value><![CDATA[a:4:{i:0;a:2:{i:0;s:4:"Type";i:1;s:9:"Full Time";}i:1;a:2:{i:0;s:4:"Time";i:1;s:12:"10 AM to 6PM";}i:2;a:2:{i:0;s:8:"Duration";i:1;s:7:"8 Hours";}i:3;a:2:{i:0;s:10:"Experience";i:1;s:7:"5 Years";}}]]></wp:meta_value>
		</wp:postmeta>
		<wp:postmeta>
			<wp:meta_key>post_address</wp:meta_key>
			<wp:meta_value><![CDATA[Bromley, Greater London, UK]]></wp:meta_value>
		</wp:postmeta>
		<wp:postmeta>
			<wp:meta_key>post_video</wp:meta_key>
			<wp:meta_value><![CDATA[]]></wp:meta_value>
		</wp:postmeta>
		<wp:postmeta>
			<wp:meta_key>_thumbnail_id</wp:meta_key>
			<wp:meta_value><![CDATA[1745]]></wp:meta_value>
		</wp:postmeta>
	</item>
	<item>
		<title>Mobile for sales</title>
		<link>http://www.joinwebs.com/classify/mobile-for-sales/</link>
		<pubDate>Tue, 03 Mar 2015 07:40:32 +0000</pubDate>
		<dc:creator><![CDATA[shabir]]></dc:creator>
		<guid isPermaLink="false">http://www.joinwebs.com/classify/mobile-for-sales/</guid>
		<description></description>
		<content:encoded><![CDATA[Lorem Ipsum is simply dummy text of the printing and typesetting industry. Lorem Ipsum has been the industry’s standard dummy text ever since the 1500s, when an unknown printer took a galley of type and scrambled it to make a type specimen book.

Lorem Ipsum is simply dummy text of the printing and typesetting industry. Lorem Ipsum has been the industry’s standard dummy text ever since the 1500s, when an unknown printer took a galley of type and scrambled it to make a type specimen book.

Lorem Ipsum is simply dummy text of the printing and typesetting industry. Lorem Ipsum has been the industry’s standard dummy text ever since the 1500s, when an unknown printer took a galley of type and scrambled it to make a type specimen book]]></content:encoded>
		<excerpt:encoded><![CDATA[]]></excerpt:encoded>
		<wp:post_id>1746</wp:post_id>
		<wp:post_date>2015-03-03 07:40:32</wp:post_date>
		<wp:post_date_gmt>2015-03-03 07:40:32</wp:post_date_gmt>
		<wp:comment_status>open</wp:comment_status>
		<wp:ping_status>open</wp:ping_status>
		<wp:post_name>mobile-for-sales</wp:post_name>
		<wp:status>publish</wp:status>
		<wp:post_parent>0</wp:post_parent>
		<wp:menu_order>0</wp:menu_order>
		<wp:post_type>post</wp:post_type>
		<wp:post_password></wp:post_password>
		<wp:is_sticky>0</wp:is_sticky>
		<category domain="post_tag" nicename="iphone"><![CDATA[iphone]]></category>
		<category domain="category" nicename="mobile-tablets"><![CDATA[Mobile &amp; Tablets]]></category>
		<wp:postmeta>
			<wp:meta_key>post_address</wp:meta_key>
			<wp:meta_value><![CDATA[Purley, Greater London, UK]]></wp:meta_value>
		</wp:postmeta>
		<wp:postmeta>
			<wp:meta_key>post_video</wp:meta_key>
			<wp:meta_value><![CDATA[]]></wp:meta_value>
		</wp:postmeta>
		<wp:postmeta>
			<wp:meta_key>_thumbnail_id</wp:meta_key>
			<wp:meta_value><![CDATA[1748]]></wp:meta_value>
		</wp:postmeta>
		<wp:postmeta>
			<wp:meta_key>custom_field</wp:meta_key>
			<wp:meta_value><![CDATA[a:3:{i:0;a:2:{i:0;s:5:"Brand";i:1;s:6:"iPhone";}i:1;a:2:{i:0;s:5:"Model";i:1;s:8:"iPhone 6";}i:2;a:2:{i:0;s:4:"Year";i:1;s:4:"2015";}}]]></wp:meta_value>
		</wp:postmeta>
		<wp:postmeta>
			<wp:meta_key>wpb_post_views_count</wp:meta_key>
			<wp:meta_value><![CDATA[52]]></wp:meta_value>
		</wp:postmeta>
		<wp:postmeta>
			<wp:meta_key>ratings_users</wp:meta_key>
			<wp:meta_value><![CDATA[1]]></wp:meta_value>
		</wp:postmeta>
		<wp:postmeta>
			<wp:meta_key>ratings_score</wp:meta_key>
			<wp:meta_value><![CDATA[5]]></wp:meta_value>
		</wp:postmeta>
		<wp:postmeta>
			<wp:meta_key>ratings_average</wp:meta_key>
			<wp:meta_value><![CDATA[5]]></wp:meta_value>
		</wp:postmeta>
		<wp:postmeta>
			<wp:meta_key>post_price</wp:meta_key>
			<wp:meta_value><![CDATA[$800]]></wp:meta_value>
		</wp:postmeta>
		<wp:postmeta>
			<wp:meta_key>post_location</wp:meta_key>
			<wp:meta_value><![CDATA[Purley]]></wp:meta_value>
		</wp:postmeta>
		<wp:postmeta>
			<wp:meta_key>post_latitude</wp:meta_key>
			<wp:meta_value><![CDATA[51.339228]]></wp:meta_value>
		</wp:postmeta>
		<wp:postmeta>
			<wp:meta_key>post_longitude</wp:meta_key>
			<wp:meta_value><![CDATA[-0.11971100000005208]]></wp:meta_value>
		</wp:postmeta>
		<wp:postmeta>
			<wp:meta_key>featured_ads</wp:meta_key>
			<wp:meta_value><![CDATA[]]></wp:meta_value>
		</wp:postmeta>
		<wp:postmeta>
			<wp:meta_key>plan_price</wp:meta_key>
			<wp:meta_value><![CDATA[]]></wp:meta_value>
		</wp:postmeta>
		<wp:postmeta>
			<wp:meta_key>plan_time</wp:meta_key>
			<wp:meta_value><![CDATA[]]></wp:meta_value>
		</wp:postmeta>
		<wp:postmeta>
			<wp:meta_key>post_category_type</wp:meta_key>
			<wp:meta_value><![CDATA[]]></wp:meta_value>
		</wp:postmeta>
	</item>
	<item>
		<title>Looking for friendship</title>
		<link>http://www.joinwebs.com/classify/looking-for-friendship/</link>
		<pubDate>Tue, 03 Mar 2015 07:42:24 +0000</pubDate>
		<dc:creator><![CDATA[shabir]]></dc:creator>
		<guid isPermaLink="false">http://www.joinwebs.com/classify/looking-for-friendship/</guid>
		<description></description>
		<content:encoded><![CDATA[Lorem Ipsum is simply dummy text of the printing and typesetting industry. Lorem Ipsum has been the industry’s standard dummy text ever since the 1500s, when an unknown printer took a galley of type and scrambled it to make a type specimen book.

Lorem Ipsum is simply dummy text of the printing and typesetting industry. Lorem Ipsum has been the industry’s standard dummy text ever since the 1500s, when an unknown printer took a galley of type and scrambled it to make a type specimen book.

Lorem Ipsum is simply dummy text of the printing and typesetting industry. Lorem Ipsum has been the industry’s standard dummy text ever since the 1500s, when an unknown printer took a galley of type and scrambled it to make a type specimen book]]></content:encoded>
		<excerpt:encoded><![CDATA[]]></excerpt:encoded>
		<wp:post_id>1749</wp:post_id>
		<wp:post_date>2015-03-03 07:42:24</wp:post_date>
		<wp:post_date_gmt>2015-03-03 07:42:24</wp:post_date_gmt>
		<wp:comment_status>open</wp:comment_status>
		<wp:ping_status>open</wp:ping_status>
		<wp:post_name>looking-for-friendship</wp:post_name>
		<wp:status>publish</wp:status>
		<wp:post_parent>0</wp:post_parent>
		<wp:menu_order>0</wp:menu_order>
		<wp:post_type>post</wp:post_type>
		<wp:post_password></wp:post_password>
		<wp:is_sticky>0</wp:is_sticky>
		<category domain="post_tag" nicename="friends"><![CDATA[friends]]></category>
		<category domain="category" nicename="friendship"><![CDATA[Friendship]]></category>
		<wp:postmeta>
			<wp:meta_key>wpb_post_views_count</wp:meta_key>
			<wp:meta_value><![CDATA[39]]></wp:meta_value>
		</wp:postmeta>
		<wp:postmeta>
			<wp:meta_key>ratings_users</wp:meta_key>
			<wp:meta_value><![CDATA[1]]></wp:meta_value>
		</wp:postmeta>
		<wp:postmeta>
			<wp:meta_key>ratings_score</wp:meta_key>
			<wp:meta_value><![CDATA[5]]></wp:meta_value>
		</wp:postmeta>
		<wp:postmeta>
			<wp:meta_key>ratings_average</wp:meta_key>
			<wp:meta_value><![CDATA[5]]></wp:meta_value>
		</wp:postmeta>
		<wp:postmeta>
			<wp:meta_key>post_price</wp:meta_key>
			<wp:meta_value><![CDATA[Free]]></wp:meta_value>
		</wp:postmeta>
		<wp:postmeta>
			<wp:meta_key>post_location</wp:meta_key>
			<wp:meta_value><![CDATA[Cheam]]></wp:meta_value>
		</wp:postmeta>
		<wp:postmeta>
			<wp:meta_key>post_latitude</wp:meta_key>
			<wp:meta_value><![CDATA[51.3615179]]></wp:meta_value>
		</wp:postmeta>
		<wp:postmeta>
			<wp:meta_key>post_longitude</wp:meta_key>
			<wp:meta_value><![CDATA[-0.218970000000013]]></wp:meta_value>
		</wp:postmeta>
		<wp:postmeta>
			<wp:meta_key>featured_ads</wp:meta_key>
			<wp:meta_value><![CDATA[]]></wp:meta_value>
		</wp:postmeta>
		<wp:postmeta>
			<wp:meta_key>plan_price</wp:meta_key>
			<wp:meta_value><![CDATA[]]></wp:meta_value>
		</wp:postmeta>
		<wp:postmeta>
			<wp:meta_key>plan_time</wp:meta_key>
			<wp:meta_value><![CDATA[]]></wp:meta_value>
		</wp:postmeta>
		<wp:postmeta>
			<wp:meta_key>post_category_type</wp:meta_key>
			<wp:meta_value><![CDATA[]]></wp:meta_value>
		</wp:postmeta>
		<wp:postmeta>
			<wp:meta_key>custom_field</wp:meta_key>
			<wp:meta_value><![CDATA[a:2:{i:0;a:2:{i:0;s:11:"Looking For";i:1;s:4:"Male";}i:1;a:2:{i:0;s:9:"Age limit";i:1;s:8:"30 Years";}}]]></wp:meta_value>
		</wp:postmeta>
		<wp:postmeta>
			<wp:meta_key>post_address</wp:meta_key>
			<wp:meta_value><![CDATA[Cheam, Sutton, Sutton, Greater London SM3, UK]]></wp:meta_value>
		</wp:postmeta>
		<wp:postmeta>
			<wp:meta_key>post_video</wp:meta_key>
			<wp:meta_value><![CDATA[]]></wp:meta_value>
		</wp:postmeta>
		<wp:postmeta>
			<wp:meta_key>_thumbnail_id</wp:meta_key>
			<wp:meta_value><![CDATA[1750]]></wp:meta_value>
		</wp:postmeta>
	</item>
	<item>
		<title>Test Demo Post</title>
		<link>http://www.joinwebs.com/classify/test-demo-post/</link>
		<pubDate>Wed, 11 Mar 2015 13:44:41 +0000</pubDate>
		<dc:creator><![CDATA[demo]]></dc:creator>
		<guid isPermaLink="false">http://www.joinwebs.com/classify/?p=1755</guid>
		<description></description>
		<content:encoded><![CDATA[Lorem ipsum dolor sit amet, consectetur adipiscing elit. Cras venenatis nibh at vehicula convallis. Suspendisse mi mauris, rhoncus at porttitor ut, ultrices vel ex. Sed ac tempor sapien. Integer finibus finibus imperdiet. Mauris justo ante, dignissim sit amet posuere sed, aliquam eu velit.

Nulla facilisi. Phasellus sit amet rhoncus libero. Donec facilisis lacus orci, et pharetra ligula porttitor ac. Ut tincidunt ex sed velit ornare viverra. Mauris in lorem neque. Nam auctor, orci in porttitor consequat, dui sem condimentum neque, non lacinia libero mauris at urna.

Ut elit enim, congue sed elementum eget, accumsan at massa. Sed auctor mattis imperdiet. Nunc id sollicitudin nibh. Etiam ut elit quis ante sollicitudin porta elementum quis massa. Nam sagittis quam sed eros pharetra, et interdum dolor aliquet.]]></content:encoded>
		<excerpt:encoded><![CDATA[]]></excerpt:encoded>
		<wp:post_id>1755</wp:post_id>
		<wp:post_date>2015-03-11 13:44:41</wp:post_date>
		<wp:post_date_gmt>2015-03-11 13:44:41</wp:post_date_gmt>
		<wp:comment_status>open</wp:comment_status>
		<wp:ping_status>open</wp:ping_status>
		<wp:post_name>test-demo-post</wp:post_name>
		<wp:status>publish</wp:status>
		<wp:post_parent>0</wp:post_parent>
		<wp:menu_order>0</wp:menu_order>
		<wp:post_type>post</wp:post_type>
		<wp:post_password></wp:post_password>
		<wp:is_sticky>0</wp:is_sticky>
		<category domain="category" nicename="bags-beauty-products"><![CDATA[Bags &amp; Beauty Products]]></category>
		<category domain="post_tag" nicename="fashion-2"><![CDATA[fashion]]></category>
		<wp:postmeta>
			<wp:meta_key>ratings_average</wp:meta_key>
			<wp:meta_value><![CDATA[0]]></wp:meta_value>
		</wp:postmeta>
		<wp:postmeta>
			<wp:meta_key>ratings_score</wp:meta_key>
			<wp:meta_value><![CDATA[0]]></wp:meta_value>
		</wp:postmeta>
		<wp:postmeta>
			<wp:meta_key>ratings_users</wp:meta_key>
			<wp:meta_value><![CDATA[0]]></wp:meta_value>
		</wp:postmeta>
		<wp:postmeta>
			<wp:meta_key>_edit_last</wp:meta_key>
			<wp:meta_value><![CDATA[1]]></wp:meta_value>
		</wp:postmeta>
		<wp:postmeta>
			<wp:meta_key>wpb_post_views_count</wp:meta_key>
			<wp:meta_value><![CDATA[40]]></wp:meta_value>
		</wp:postmeta>
		<wp:postmeta>
			<wp:meta_key>_thumbnail_id</wp:meta_key>
			<wp:meta_value><![CDATA[1756]]></wp:meta_value>
		</wp:postmeta>
		<wp:postmeta>
			<wp:meta_key>post_video</wp:meta_key>
			<wp:meta_value><![CDATA[]]></wp:meta_value>
		</wp:postmeta>
		<wp:postmeta>
			<wp:meta_key>post_address</wp:meta_key>
			<wp:meta_value><![CDATA[Putney, London SW15, UK]]></wp:meta_value>
		</wp:postmeta>
		<wp:postmeta>
			<wp:meta_key>custom_field</wp:meta_key>
			<wp:meta_value><![CDATA[]]></wp:meta_value>
		</wp:postmeta>
		<wp:postmeta>
			<wp:meta_key>post_category_type</wp:meta_key>
			<wp:meta_value><![CDATA[]]></wp:meta_value>
		</wp:postmeta>
		<wp:postmeta>
			<wp:meta_key>plan_time</wp:meta_key>
			<wp:meta_value><![CDATA[]]></wp:meta_value>
		</wp:postmeta>
		<wp:postmeta>
			<wp:meta_key>post_location</wp:meta_key>
			<wp:meta_value><![CDATA[]]></wp:meta_value>
		</wp:postmeta>
		<wp:postmeta>
			<wp:meta_key>post_latitude</wp:meta_key>
			<wp:meta_value><![CDATA[]]></wp:meta_value>
		</wp:postmeta>
		<wp:postmeta>
			<wp:meta_key>post_longitude</wp:meta_key>
			<wp:meta_value><![CDATA[]]></wp:meta_value>
		</wp:postmeta>
		<wp:postmeta>
			<wp:meta_key>featured_ads</wp:meta_key>
			<wp:meta_value><![CDATA[]]></wp:meta_value>
		</wp:postmeta>
		<wp:postmeta>
			<wp:meta_key>plan_price</wp:meta_key>
			<wp:meta_value><![CDATA[]]></wp:meta_value>
		</wp:postmeta>
		<wp:postmeta>
			<wp:meta_key>post_price</wp:meta_key>
			<wp:meta_value><![CDATA[]]></wp:meta_value>
		</wp:postmeta>
	</item>
	<item>
		<title>Bob&#039;s Plumbing Service</title>
		<link>http://www.joinwebs.com/classify/?p=1759</link>
		<pubDate>Wed, 30 Nov -0001 00:00:00 +0000</pubDate>
		<dc:creator><![CDATA[demo]]></dc:creator>
		<guid isPermaLink="false">http://www.joinwebs.com/classify/?p=1759</guid>
		<description></description>
		<content:encoded><![CDATA[All aspects of plumbing from clogged sink to whole house install and renovations.]]></content:encoded>
		<excerpt:encoded><![CDATA[]]></excerpt:encoded>
		<wp:post_id>1759</wp:post_id>
		<wp:post_date>2015-03-21 16:36:30</wp:post_date>
		<wp:post_date_gmt>0000-00-00 00:00:00</wp:post_date_gmt>
		<wp:comment_status>open</wp:comment_status>
		<wp:ping_status>open</wp:ping_status>
		<wp:post_name></wp:post_name>
		<wp:status>pending</wp:status>
		<wp:post_parent>0</wp:post_parent>
		<wp:menu_order>0</wp:menu_order>
		<wp:post_type>post</wp:post_type>
		<wp:post_password></wp:post_password>
		<wp:is_sticky>0</wp:is_sticky>
		<category domain="category" nicename="services-home-office-removals"><![CDATA[Home &amp; Office Removals]]></category>
		<category domain="post_tag" nicename="plumbing"><![CDATA[plumbing]]></category>
		<wp:postmeta>
			<wp:meta_key>wpb_post_views_count</wp:meta_key>
			<wp:meta_value><![CDATA[0]]></wp:meta_value>
		</wp:postmeta>
		<wp:postmeta>
			<wp:meta_key>post_video</wp:meta_key>
			<wp:meta_value><![CDATA[]]></wp:meta_value>
		</wp:postmeta>
		<wp:postmeta>
			<wp:meta_key>post_address</wp:meta_key>
			<wp:meta_value><![CDATA[100, Alliance, OH 44601, USA]]></wp:meta_value>
		</wp:postmeta>
		<wp:postmeta>
			<wp:meta_key>post_category_type</wp:meta_key>
			<wp:meta_value><![CDATA[]]></wp:meta_value>
		</wp:postmeta>
		<wp:postmeta>
			<wp:meta_key>plan_time</wp:meta_key>
			<wp:meta_value><![CDATA[]]></wp:meta_value>
		</wp:postmeta>
		<wp:postmeta>
			<wp:meta_key>featured_ads</wp:meta_key>
			<wp:meta_value><![CDATA[]]></wp:meta_value>
		</wp:postmeta>
		<wp:postmeta>
			<wp:meta_key>plan_price</wp:meta_key>
			<wp:meta_value><![CDATA[]]></wp:meta_value>
		</wp:postmeta>
		<wp:postmeta>
			<wp:meta_key>post_longitude</wp:meta_key>
			<wp:meta_value><![CDATA[81.1256682]]></wp:meta_value>
		</wp:postmeta>
		<wp:postmeta>
			<wp:meta_key>post_latitude</wp:meta_key>
			<wp:meta_value><![CDATA[40.8720783]]></wp:meta_value>
		</wp:postmeta>
		<wp:postmeta>
			<wp:meta_key>post_location</wp:meta_key>
			<wp:meta_value><![CDATA[Greenwich]]></wp:meta_value>
		</wp:postmeta>
		<wp:postmeta>
			<wp:meta_key>post_price</wp:meta_key>
			<wp:meta_value><![CDATA[Free]]></wp:meta_value>
		</wp:postmeta>
		<wp:postmeta>
			<wp:meta_key>custom_field</wp:meta_key>
			<wp:meta_value><![CDATA[a:3:{i:0;a:2:{i:0;s:4:"Time";i:1;s:4:"Time";}i:1;a:2:{i:0;s:4:"Type";i:1;s:4:"Type";}i:2;a:2:{i:0;s:8:"Duration";i:1;s:8:"Duration";}}]]></wp:meta_value>
		</wp:postmeta>
	</item>
</channel>
</rss>
